venue,ticker,title,subtitle,result,settled_at,close_time,last_price_before,price_24h_before,price_7d_before,volume_24h,url,recorded_at
kalshi,KXTEMPDCH-26AUG1614-T76.99,"Will the temp in Washington DC be above 76.99° on Aug 16, 2026 at 2pm EDT?",77° or above,no,2026-08-16T19:31:12.356008Z,2026-08-16T18:00:00Z,0.01,,,314.0,https://kalshi.com/markets/kxtempdch-26aug1614,2026-08-16T19:49:45Z
kalshi,KXTEMPDCH-26AUG1614-T75.99,"Will the temp in Washington DC be above 75.99° on Aug 16, 2026 at 2pm EDT?",76° or above,no,2026-08-16T19:31:12.356008Z,2026-08-16T18:00:00Z,0.01,,,254.54,https://kalshi.com/markets/kxtempdch-26aug1614,2026-08-16T19:49:45Z
kalshi,KXTEMPLAXH-26AUG1614-T75.99,"Will the temp in Los Angeles be above 75.99° on Aug 16, 2026 at 2pm EDT?",76° or above,no,2026-08-16T19:31:02.351687Z,2026-08-16T18:00:00Z,0.01,,,303.28,https://kalshi.com/markets/kxtemplaxh-26aug1614,2026-08-16T19:49:45Z
kalshi,KXTEMPLAXH-26AUG1614-T74.99,"Will the temp in Los Angeles be above 74.99° on Aug 16, 2026 at 2pm EDT?",75° or above,no,2026-08-16T19:31:02.351687Z,2026-08-16T18:00:00Z,0.01,,,1755.45,https://kalshi.com/markets/kxtemplaxh-26aug1614,2026-08-16T19:49:45Z
kalshi,KXTEMPLAXH-26AUG1614-T73.99,"Will the temp in Los Angeles be above 73.99° on Aug 16, 2026 at 2pm EDT?",74° or above,yes,2026-08-16T19:31:02.351687Z,2026-08-16T18:00:00Z,0.99,,,2732.65,https://kalshi.com/markets/kxtemplaxh-26aug1614,2026-08-16T19:49:45Z
kalshi,KXTEMPAUSH-26AUG1614-T95.99,"Will the temp in Austin be above 95.99° on Aug 16, 2026 at 2pm EDT?",96° or above,no,2026-08-16T19:31:02.350752Z,2026-08-16T18:00:00Z,0.01,,,349.16,https://kalshi.com/markets/kxtempaush-26aug1614,2026-08-16T19:49:45Z
kalshi,KXTEMPAUSH-26AUG1614-T94.99,"Will the temp in Austin be above 94.99° on Aug 16, 2026 at 2pm EDT?",95° or above,no,2026-08-16T19:31:02.350752Z,2026-08-16T18:00:00Z,0.01,,,2461.9,https://kalshi.com/markets/kxtempaush-26aug1614,2026-08-16T19:49:45Z
kalshi,KXTEMPAUSH-26AUG1614-T93.99,"Will the temp in Austin be above 93.99° on Aug 16, 2026 at 2pm EDT?",94° or above,yes,2026-08-16T19:31:02.350752Z,2026-08-16T18:00:00Z,0.99,,,3314.06,https://kalshi.com/markets/kxtempaush-26aug1614,2026-08-16T19:49:45Z
kalshi,KXTEMPAUSH-26AUG1614-T92.99,"Will the temp in Austin be above 92.99° on Aug 16, 2026 at 2pm EDT?",93° or above,yes,2026-08-16T19:31:02.350752Z,2026-08-16T18:00:00Z,0.99,,,963.39,https://kalshi.com/markets/kxtempaush-26aug1614,2026-08-16T19:49:45Z
kalshi,KXTEMPCHIH-26AUG1614-T80.99,"Will the temp in Chicago be above 80.99° on Aug 16, 2026 at 2pm EDT?",81° or above,yes,2026-08-16T19:31:02.349827Z,2026-08-16T18:00:00Z,0.99,,,187.03,https://kalshi.com/markets/kxtempchih-26aug1614,2026-08-16T19:49:45Z
kalshi,KXTEMPNYCH-26AUG1614-T79.99,"Will the temp in New York City be above 79.99° on Aug 16, 2026 at 2pm EDT?",80° or above,no,2026-08-16T19:31:02.349464Z,2026-08-16T18:00:00Z,0.01,,,358.05,https://kalshi.com/markets/kxtempnych-26aug1614,2026-08-16T19:49:45Z
kalshi,KXTEMPNYCH-26AUG1614-T78.99,"Will the temp in New York City be above 78.99° on Aug 16, 2026 at 2pm EDT?",79° or above,no,2026-08-16T19:31:02.349464Z,2026-08-16T18:00:00Z,0.01,,,359.07,https://kalshi.com/markets/kxtempnych-26aug1614,2026-08-16T19:49:45Z
kalshi,KXTEMPNYCH-26AUG1614-T77.99,"Will the temp in New York City be above 77.99° on Aug 16, 2026 at 2pm EDT?",78° or above,no,2026-08-16T19:31:02.349464Z,2026-08-16T18:00:00Z,0.01,,,1536.18,https://kalshi.com/markets/kxtempnych-26aug1614,2026-08-16T19:49:45Z
kalshi,KXTEMPNYCH-26AUG1614-T76.99,"Will the temp in New York City be above 76.99° on Aug 16, 2026 at 2pm EDT?",77° or above,yes,2026-08-16T19:31:02.349464Z,2026-08-16T18:00:00Z,0.99,,,271.56,https://kalshi.com/markets/kxtempnych-26aug1614,2026-08-16T19:49:45Z
kalshi,KXTEMPNYCH-26AUG1614-T73.99,"Will the temp in New York City be above 73.99° on Aug 16, 2026 at 2pm EDT?",74° or above,yes,2026-08-16T19:31:02.349464Z,2026-08-16T18:00:00Z,0.99,,,193.84,https://kalshi.com/markets/kxtempnych-26aug1614,2026-08-16T19:49:45Z
kalshi,KXTEMPMIAH-26AUG1614-T92.99,"Will the temp in Miami be above 92.99° on Aug 16, 2026 at 2pm EDT?",93° or above,no,2026-08-16T19:10:52.350097Z,2026-08-16T18:00:00Z,0.4,,,441.33,https://kalshi.com/markets/kxtempmiah-26aug1614,2026-08-16T19:49:45Z
kalshi,KXTEMPMIAH-26AUG1614-T91.99,"Will the temp in Miami be above 91.99° on Aug 16, 2026 at 2pm EDT?",92° or above,yes,2026-08-16T19:10:52.350097Z,2026-08-16T18:00:00Z,0.94,,,317.17,https://kalshi.com/markets/kxtempmiah-26aug1614,2026-08-16T19:49:45Z
kalshi,KXTEMPMIAH-26AUG1614-T90.99,"Will the temp in Miami be above 90.99° on Aug 16, 2026 at 2pm EDT?",91° or above,yes,2026-08-16T19:10:52.350097Z,2026-08-16T18:00:00Z,0.99,,,1226.79,https://kalshi.com/markets/kxtempmiah-26aug1614,2026-08-16T19:49:45Z
kalshi,KXTEMPMIAH-26AUG1614-T88.99,"Will the temp in Miami be above 88.99° on Aug 16, 2026 at 2pm EDT?",89° or above,yes,2026-08-16T19:10:52.350097Z,2026-08-16T18:00:00Z,0.99,,,350.0,https://kalshi.com/markets/kxtempmiah-26aug1614,2026-08-16T19:49:45Z
kalshi,KXTEMPDCH-26AUG1613-T78.99,"Will the temp in Washington DC be above 78.99° on Aug 16, 2026 at 1pm EDT?",79° or above,no,2026-08-16T18:31:02.651442Z,2026-08-16T17:00:00Z,0.01,,,104.51,https://kalshi.com/markets/kxtempdch-26aug1613,2026-08-16T19:49:45Z
kalshi,KXTEMPDCH-26AUG1613-T77.99,"Will the temp in Washington DC be above 77.99° on Aug 16, 2026 at 1pm EDT?",78° or above,no,2026-08-16T18:31:02.651442Z,2026-08-16T17:00:00Z,0.01,,,293.42,https://kalshi.com/markets/kxtempdch-26aug1613,2026-08-16T19:49:45Z
kalshi,KXTEMPDCH-26AUG1613-T76.99,"Will the temp in Washington DC be above 76.99° on Aug 16, 2026 at 1pm EDT?",77° or above,no,2026-08-16T18:31:02.651442Z,2026-08-16T17:00:00Z,0.01,,,174.59,https://kalshi.com/markets/kxtempdch-26aug1613,2026-08-16T19:49:45Z
kalshi,KXTEMPDCH-26AUG1613-T75.99,"Will the temp in Washington DC be above 75.99° on Aug 16, 2026 at 1pm EDT?",76° or above,no,2026-08-16T18:31:02.651442Z,2026-08-16T17:00:00Z,0.01,,,413.22,https://kalshi.com/markets/kxtempdch-26aug1613,2026-08-16T19:49:45Z
kalshi,KXTEMPDCH-26AUG1613-T74.99,"Will the temp in Washington DC be above 74.99° on Aug 16, 2026 at 1pm EDT?",75° or above,no,2026-08-16T18:31:02.651442Z,2026-08-16T17:00:00Z,0.01,,,629.38,https://kalshi.com/markets/kxtempdch-26aug1613,2026-08-16T19:49:45Z
kalshi,KXTEMPDCH-26AUG1613-T73.99,"Will the temp in Washington DC be above 73.99° on Aug 16, 2026 at 1pm EDT?",74° or above,yes,2026-08-16T18:31:02.651442Z,2026-08-16T17:00:00Z,0.99,,,156.23,https://kalshi.com/markets/kxtempdch-26aug1613,2026-08-16T19:49:45Z
kalshi,KXTEMPDCH-26AUG1613-T72.99,"Will the temp in Washington DC be above 72.99° on Aug 16, 2026 at 1pm EDT?",73° or above,yes,2026-08-16T18:31:02.651442Z,2026-08-16T17:00:00Z,0.99,,,231.0,https://kalshi.com/markets/kxtempdch-26aug1613,2026-08-16T19:49:45Z
kalshi,KXTEMPLAXH-26AUG1613-T74.99,"Will the temp in Los Angeles be above 74.99° on Aug 16, 2026 at 1pm EDT?",75° or above,no,2026-08-16T18:31:02.65076Z,2026-08-16T17:00:00Z,0.01,,,227.12,https://kalshi.com/markets/kxtemplaxh-26aug1613,2026-08-16T19:49:45Z
kalshi,KXTEMPLAXH-26AUG1613-T73.99,"Will the temp in Los Angeles be above 73.99° on Aug 16, 2026 at 1pm EDT?",74° or above,no,2026-08-16T18:31:02.65076Z,2026-08-16T17:00:00Z,0.01,,,721.51,https://kalshi.com/markets/kxtemplaxh-26aug1613,2026-08-16T19:49:45Z
kalshi,KXTEMPLAXH-26AUG1613-T72.99,"Will the temp in Los Angeles be above 72.99° on Aug 16, 2026 at 1pm EDT?",73° or above,yes,2026-08-16T18:31:02.65076Z,2026-08-16T17:00:00Z,0.99,,,1483.26,https://kalshi.com/markets/kxtemplaxh-26aug1613,2026-08-16T19:49:45Z
kalshi,KXTEMPLAXH-26AUG1613-T71.99,"Will the temp in Los Angeles be above 71.99° on Aug 16, 2026 at 1pm EDT?",72° or above,yes,2026-08-16T18:31:02.65076Z,2026-08-16T17:00:00Z,0.99,,,355.85,https://kalshi.com/markets/kxtemplaxh-26aug1613,2026-08-16T19:49:45Z
kalshi,KXTEMPAUSH-26AUG1613-T91.99,"Will the temp in Austin be above 91.99° on Aug 16, 2026 at 1pm EDT?",92° or above,no,2026-08-16T18:31:02.64993Z,2026-08-16T17:00:00Z,0.01,,,590.31,https://kalshi.com/markets/kxtempaush-26aug1613,2026-08-16T19:49:45Z
kalshi,KXTEMPAUSH-26AUG1613-T90.99,"Will the temp in Austin be above 90.99° on Aug 16, 2026 at 1pm EDT?",91° or above,yes,2026-08-16T18:31:02.64993Z,2026-08-16T17:00:00Z,0.99,,,1106.91,https://kalshi.com/markets/kxtempaush-26aug1613,2026-08-16T19:49:45Z
kalshi,KXTEMPAUSH-26AUG1613-T89.99,"Will the temp in Austin be above 89.99° on Aug 16, 2026 at 1pm EDT?",90° or above,yes,2026-08-16T18:31:02.64993Z,2026-08-16T17:00:00Z,0.99,,,512.62,https://kalshi.com/markets/kxtempaush-26aug1613,2026-08-16T19:49:45Z
kalshi,KXTEMPAUSH-26AUG1613-T88.99,"Will the temp in Austin be above 88.99° on Aug 16, 2026 at 1pm EDT?",89° or above,yes,2026-08-16T18:31:02.64993Z,2026-08-16T17:00:00Z,0.99,,,117.56,https://kalshi.com/markets/kxtempaush-26aug1613,2026-08-16T19:49:45Z
kalshi,KXTEMPNYCH-26AUG1613-T80.99,"Will the temp in New York City be above 80.99° on Aug 16, 2026 at 1pm EDT?",81° or above,no,2026-08-16T18:31:02.652168Z,2026-08-16T17:00:00Z,0.01,,,238.53,https://kalshi.com/markets/kxtempnych-26aug1613,2026-08-16T19:49:45Z
kalshi,KXTEMPNYCH-26AUG1613-T79.99,"Will the temp in New York City be above 79.99° on Aug 16, 2026 at 1pm EDT?",80° or above,no,2026-08-16T18:31:02.652168Z,2026-08-16T17:00:00Z,0.01,,,785.24,https://kalshi.com/markets/kxtempnych-26aug1613,2026-08-16T19:49:45Z
kalshi,KXTEMPNYCH-26AUG1613-T78.99,"Will the temp in New York City be above 78.99° on Aug 16, 2026 at 1pm EDT?",79° or above,no,2026-08-16T18:31:02.652168Z,2026-08-16T17:00:00Z,0.01,,,1498.05,https://kalshi.com/markets/kxtempnych-26aug1613,2026-08-16T19:49:45Z
kalshi,KXTEMPNYCH-26AUG1613-T77.99,"Will the temp in New York City be above 77.99° on Aug 16, 2026 at 1pm EDT?",78° or above,yes,2026-08-16T18:31:02.652168Z,2026-08-16T17:00:00Z,0.99,,,311.98,https://kalshi.com/markets/kxtempnych-26aug1613,2026-08-16T19:49:45Z
kalshi,KXTEMPMIAH-26AUG1613-T92.99,"Will the temp in Miami be above 92.99° on Aug 16, 2026 at 1pm EDT?",93° or above,no,2026-08-16T18:10:52.350833Z,2026-08-16T17:00:00Z,0.25,,,3238.0,https://kalshi.com/markets/kxtempmiah-26aug1613,2026-08-16T19:49:45Z
kalshi,KXTEMPMIAH-26AUG1613-T91.99,"Will the temp in Miami be above 91.99° on Aug 16, 2026 at 1pm EDT?",92° or above,no,2026-08-16T18:10:52.350833Z,2026-08-16T17:00:00Z,0.01,,,2874.31,https://kalshi.com/markets/kxtempmiah-26aug1613,2026-08-16T19:49:45Z
kalshi,KXTEMPMIAH-26AUG1613-T90.99,"Will the temp in Miami be above 90.99° on Aug 16, 2026 at 1pm EDT?",91° or above,yes,2026-08-16T18:10:52.350833Z,2026-08-16T17:00:00Z,0.99,,,1678.48,https://kalshi.com/markets/kxtempmiah-26aug1613,2026-08-16T19:49:45Z
kalshi,KXTEMPMIAH-26AUG1613-T89.99,"Will the temp in Miami be above 89.99° on Aug 16, 2026 at 1pm EDT?",90° or above,yes,2026-08-16T18:10:52.350833Z,2026-08-16T17:00:00Z,0.99,,,492.04,https://kalshi.com/markets/kxtempmiah-26aug1613,2026-08-16T19:49:45Z
kalshi,KXTEMPMIAH-26AUG1613-T88.99,"Will the temp in Miami be above 88.99° on Aug 16, 2026 at 1pm EDT?",89° or above,yes,2026-08-16T18:10:52.350833Z,2026-08-16T17:00:00Z,0.99,,,1591.0,https://kalshi.com/markets/kxtempmiah-26aug1613,2026-08-16T19:49:45Z
kalshi,KXTEMPDCH-26AUG1612-T76.99,"Will the temp in Washington DC be above 76.99° on Aug 16, 2026 at 12pm EDT?",77° or above,yes,2026-08-16T17:31:02.35242Z,2026-08-16T16:00:00Z,0.99,,,214.93,https://kalshi.com/markets/kxtempdch-26aug1612,2026-08-16T19:49:45Z
kalshi,KXTEMPLAXH-26AUG1612-T72.99,"Will the temp in Los Angeles be above 72.99° on Aug 16, 2026 at 12pm EDT?",73° or above,no,2026-08-16T17:31:02.351984Z,2026-08-16T16:00:00Z,0.01,,,827.68,https://kalshi.com/markets/kxtemplaxh-26aug1612,2026-08-16T19:49:45Z
kalshi,KXTEMPLAXH-26AUG1612-T71.99,"Will the temp in Los Angeles be above 71.99° on Aug 16, 2026 at 12pm EDT?",72° or above,yes,2026-08-16T17:31:02.351984Z,2026-08-16T16:00:00Z,0.99,,,962.67,https://kalshi.com/markets/kxtemplaxh-26aug1612,2026-08-16T19:49:45Z
kalshi,KXTEMPLAXH-26AUG1612-T70.99,"Will the temp in Los Angeles be above 70.99° on Aug 16, 2026 at 12pm EDT?",71° or above,yes,2026-08-16T17:31:02.351984Z,2026-08-16T16:00:00Z,0.99,,,1210.08,https://kalshi.com/markets/kxtemplaxh-26aug1612,2026-08-16T19:49:45Z
kalshi,KXTEMPAUSH-26AUG1612-T88.99,"Will the temp in Austin be above 88.99° on Aug 16, 2026 at 12pm EDT?",89° or above,no,2026-08-16T17:31:02.351224Z,2026-08-16T16:00:00Z,0.01,,,719.2,https://kalshi.com/markets/kxtempaush-26aug1612,2026-08-16T19:49:45Z
kalshi,KXTEMPAUSH-26AUG1612-T87.99,"Will the temp in Austin be above 87.99° on Aug 16, 2026 at 12pm EDT?",88° or above,no,2026-08-16T17:31:02.351224Z,2026-08-16T16:00:00Z,0.01,,,1214.37,https://kalshi.com/markets/kxtempaush-26aug1612,2026-08-16T19:49:45Z
kalshi,KXTEMPAUSH-26AUG1612-T86.99,"Will the temp in Austin be above 86.99° on Aug 16, 2026 at 12pm EDT?",87° or above,yes,2026-08-16T17:31:02.351224Z,2026-08-16T16:00:00Z,0.99,,,672.7,https://kalshi.com/markets/kxtempaush-26aug1612,2026-08-16T19:49:45Z
kalshi,KXTEMPAUSH-26AUG1612-T85.99,"Will the temp in Austin be above 85.99° on Aug 16, 2026 at 12pm EDT?",86° or above,yes,2026-08-16T17:31:02.351224Z,2026-08-16T16:00:00Z,0.96,,,180.17,https://kalshi.com/markets/kxtempaush-26aug1612,2026-08-16T19:49:45Z
kalshi,KXTEMPNYCH-26AUG1612-T80.99,"Will the temp in New York City be above 80.99° on Aug 16, 2026 at 12pm EDT?",81° or above,no,2026-08-16T17:31:02.349912Z,2026-08-16T16:00:00Z,0.01,,,456.77,https://kalshi.com/markets/kxtempnych-26aug1612,2026-08-16T19:49:45Z
kalshi,KXTEMPNYCH-26AUG1612-T79.99,"Will the temp in New York City be above 79.99° on Aug 16, 2026 at 12pm EDT?",80° or above,no,2026-08-16T17:31:02.349912Z,2026-08-16T16:00:00Z,0.01,,,741.24,https://kalshi.com/markets/kxtempnych-26aug1612,2026-08-16T19:49:45Z
kalshi,KXTEMPNYCH-26AUG1612-T78.99,"Will the temp in New York City be above 78.99° on Aug 16, 2026 at 12pm EDT?",79° or above,yes,2026-08-16T17:31:02.349912Z,2026-08-16T16:00:00Z,0.99,,,130.93,https://kalshi.com/markets/kxtempnych-26aug1612,2026-08-16T19:49:45Z
kalshi,KXTEMPMIAH-26AUG1612-T89.99,"Will the temp in Miami be above 89.99° on Aug 16, 2026 at 12pm EDT?",90° or above,yes,2026-08-16T17:11:02.59796Z,2026-08-16T16:00:00Z,0.98,,,165.23,https://kalshi.com/markets/kxtempmiah-26aug1612,2026-08-16T19:49:45Z
kalshi,KXTEMPMIAH-26AUG1612-T88.99,"Will the temp in Miami be above 88.99° on Aug 16, 2026 at 12pm EDT?",89° or above,yes,2026-08-16T17:11:02.59796Z,2026-08-16T16:00:00Z,0.97,,,376.0,https://kalshi.com/markets/kxtempmiah-26aug1612,2026-08-16T19:49:45Z
kalshi,KXTEMPMIAH-26AUG1612-T87.99,"Will the temp in Miami be above 87.99° on Aug 16, 2026 at 12pm EDT?",88° or above,yes,2026-08-16T17:11:02.59796Z,2026-08-16T16:00:00Z,0.98,,,1783.0,https://kalshi.com/markets/kxtempmiah-26aug1612,2026-08-16T19:49:45Z
kalshi,KXTEMPMIAH-26AUG1612-T86.99,"Will the temp in Miami be above 86.99° on Aug 16, 2026 at 12pm EDT?",87° or above,yes,2026-08-16T17:11:02.59796Z,2026-08-16T16:00:00Z,0.98,,,221.0,https://kalshi.com/markets/kxtempmiah-26aug1612,2026-08-16T19:49:45Z
kalshi,KXTEMPLAXH-26AUG1611-T70.99,"Will the temp in Los Angeles be above 70.99° on Aug 16, 2026 at 11am EDT?",71° or above,no,2026-08-16T16:31:02.351871Z,2026-08-16T15:00:00Z,0.01,,,490.29,https://kalshi.com/markets/kxtemplaxh-26aug1611,2026-08-16T19:49:45Z
kalshi,KXTEMPLAXH-26AUG1611-T69.99,"Will the temp in Los Angeles be above 69.99° on Aug 16, 2026 at 11am EDT?",70° or above,yes,2026-08-16T16:31:02.351871Z,2026-08-16T15:00:00Z,0.99,,,1678.25,https://kalshi.com/markets/kxtemplaxh-26aug1611,2026-08-16T19:49:45Z
kalshi,KXTEMPLAXH-26AUG1611-T68.99,"Will the temp in Los Angeles be above 68.99° on Aug 16, 2026 at 11am EDT?",69° or above,yes,2026-08-16T16:31:02.351871Z,2026-08-16T15:00:00Z,0.99,,,1801.56,https://kalshi.com/markets/kxtemplaxh-26aug1611,2026-08-16T19:49:45Z
kalshi,KXTEMPAUSH-26AUG1611-T84.99,"Will the temp in Austin be above 84.99° on Aug 16, 2026 at 11am EDT?",85° or above,no,2026-08-16T16:31:02.351167Z,2026-08-16T15:00:00Z,0.01,,,1198.57,https://kalshi.com/markets/kxtempaush-26aug1611,2026-08-16T19:49:45Z
kalshi,KXTEMPAUSH-26AUG1611-T83.99,"Will the temp in Austin be above 83.99° on Aug 16, 2026 at 11am EDT?",84° or above,no,2026-08-16T16:31:02.351167Z,2026-08-16T15:00:00Z,0.01,,,1347.53,https://kalshi.com/markets/kxtempaush-26aug1611,2026-08-16T19:49:45Z
kalshi,KXTEMPAUSH-26AUG1611-T82.99,"Will the temp in Austin be above 82.99° on Aug 16, 2026 at 11am EDT?",83° or above,yes,2026-08-16T16:31:02.351167Z,2026-08-16T15:00:00Z,0.99,,,2147.05,https://kalshi.com/markets/kxtempaush-26aug1611,2026-08-16T19:49:45Z
kalshi,KXTEMPAUSH-26AUG1611-T81.99,"Will the temp in Austin be above 81.99° on Aug 16, 2026 at 11am EDT?",82° or above,yes,2026-08-16T16:31:02.351167Z,2026-08-16T15:00:00Z,0.99,,,725.62,https://kalshi.com/markets/kxtempaush-26aug1611,2026-08-16T19:49:45Z
kalshi,KXTEMPCHIH-26AUG1611-T78.99,"Will the temp in Chicago be above 78.99° on Aug 16, 2026 at 11am EDT?",79° or above,no,2026-08-16T16:31:02.350861Z,2026-08-16T15:00:00Z,0.01,,,204.03,https://kalshi.com/markets/kxtempchih-26aug1611,2026-08-16T19:49:45Z
kalshi,KXTEMPNYCH-26AUG1611-T80.99,"Will the temp in New York City be above 80.99° on Aug 16, 2026 at 11am EDT?",81° or above,no,2026-08-16T16:31:02.350668Z,2026-08-16T15:00:00Z,0.02,,,135.04,https://kalshi.com/markets/kxtempnych-26aug1611,2026-08-16T19:49:45Z
kalshi,KXTEMPNYCH-26AUG1611-T79.99,"Will the temp in New York City be above 79.99° on Aug 16, 2026 at 11am EDT?",80° or above,no,2026-08-16T16:31:02.350668Z,2026-08-16T15:00:00Z,0.01,,,2197.12,https://kalshi.com/markets/kxtempnych-26aug1611,2026-08-16T19:49:45Z
kalshi,KXTEMPNYCH-26AUG1611-T78.99,"Will the temp in New York City be above 78.99° on Aug 16, 2026 at 11am EDT?",79° or above,yes,2026-08-16T16:31:02.350668Z,2026-08-16T15:00:00Z,0.99,,,2272.15,https://kalshi.com/markets/kxtempnych-26aug1611,2026-08-16T19:49:45Z
kalshi,KXTEMPMIAH-26AUG1611-T91.99,"Will the temp in Miami be above 91.99° on Aug 16, 2026 at 11am EDT?",92° or above,no,2026-08-16T16:10:52.350497Z,2026-08-16T15:00:00Z,0.01,,,261.42,https://kalshi.com/markets/kxtempmiah-26aug1611,2026-08-16T19:49:45Z
kalshi,KXTEMPMIAH-26AUG1611-T90.99,"Will the temp in Miami be above 90.99° on Aug 16, 2026 at 11am EDT?",91° or above,no,2026-08-16T16:10:52.350497Z,2026-08-16T15:00:00Z,0.02,,,215.85,https://kalshi.com/markets/kxtempmiah-26aug1611,2026-08-16T19:49:45Z
kalshi,KXTEMPMIAH-26AUG1611-T89.99,"Will the temp in Miami be above 89.99° on Aug 16, 2026 at 11am EDT?",90° or above,no,2026-08-16T16:10:52.350497Z,2026-08-16T15:00:00Z,0.01,,,256.12,https://kalshi.com/markets/kxtempmiah-26aug1611,2026-08-16T19:49:45Z
kalshi,KXTEMPMIAH-26AUG1611-T87.99,"Will the temp in Miami be above 87.99° on Aug 16, 2026 at 11am EDT?",88° or above,yes,2026-08-16T16:10:52.350497Z,2026-08-16T15:00:00Z,0.99,,,2330.0,https://kalshi.com/markets/kxtempmiah-26aug1611,2026-08-16T19:49:45Z
kalshi,KXTEMPMIAH-26AUG1611-T86.99,"Will the temp in Miami be above 86.99° on Aug 16, 2026 at 11am EDT?",87° or above,yes,2026-08-16T16:10:52.350497Z,2026-08-16T15:00:00Z,0.76,,,116.0,https://kalshi.com/markets/kxtempmiah-26aug1611,2026-08-16T19:49:45Z
kalshi,KXTEMPMIAH-26AUG1611-T85.99,"Will the temp in Miami be above 85.99° on Aug 16, 2026 at 11am EDT?",86° or above,yes,2026-08-16T16:10:52.350497Z,2026-08-16T15:00:00Z,0.99,,,163.0,https://kalshi.com/markets/kxtempmiah-26aug1611,2026-08-16T19:49:45Z
kalshi,KXTEMPMIAH-26AUG1611-T84.99,"Will the temp in Miami be above 84.99° on Aug 16, 2026 at 11am EDT?",85° or above,yes,2026-08-16T16:10:52.350497Z,2026-08-16T15:00:00Z,0.99,,,116.0,https://kalshi.com/markets/kxtempmiah-26aug1611,2026-08-16T19:49:45Z
kalshi,KXTEMPMIAH-26AUG1611-T83.99,"Will the temp in Miami be above 83.99° on Aug 16, 2026 at 11am EDT?",84° or above,yes,2026-08-16T16:10:52.350497Z,2026-08-16T15:00:00Z,0.99,,,117.84,https://kalshi.com/markets/kxtempmiah-26aug1611,2026-08-16T19:49:45Z
kalshi,KXTEMPDCH-26AUG1610-T77.99,"Will the temp in Washington DC be above 77.99° on Aug 16, 2026 at 10am EDT?",78° or above,yes,2026-08-16T15:31:02.34923Z,2026-08-16T14:00:00Z,0.99,,,181.13,https://kalshi.com/markets/kxtempdch-26aug1610,2026-08-16T19:49:45Z
kalshi,KXTEMPDCH-26AUG1610-T76.99,"Will the temp in Washington DC be above 76.99° on Aug 16, 2026 at 10am EDT?",77° or above,yes,2026-08-16T15:31:02.34923Z,2026-08-16T14:00:00Z,0.99,,,167.9,https://kalshi.com/markets/kxtempdch-26aug1610,2026-08-16T19:49:45Z
kalshi,KXTEMPDCH-26AUG1610-T75.99,"Will the temp in Washington DC be above 75.99° on Aug 16, 2026 at 10am EDT?",76° or above,yes,2026-08-16T15:31:02.34923Z,2026-08-16T14:00:00Z,0.99,,,278.39,https://kalshi.com/markets/kxtempdch-26aug1610,2026-08-16T19:49:45Z
kalshi,KXTEMPLAXH-26AUG1610-T68.99,"Will the temp in Los Angeles be above 68.99° on Aug 16, 2026 at 10am EDT?",69° or above,no,2026-08-16T15:31:02.34868Z,2026-08-16T14:00:00Z,0.01,,,2161.91,https://kalshi.com/markets/kxtemplaxh-26aug1610,2026-08-16T19:49:45Z
kalshi,KXTEMPLAXH-26AUG1610-T67.99,"Will the temp in Los Angeles be above 67.99° on Aug 16, 2026 at 10am EDT?",68° or above,yes,2026-08-16T15:31:02.34868Z,2026-08-16T14:00:00Z,0.99,,,3785.37,https://kalshi.com/markets/kxtemplaxh-26aug1610,2026-08-16T19:49:45Z
kalshi,KXTEMPLAXH-26AUG1610-T66.99,"Will the temp in Los Angeles be above 66.99° on Aug 16, 2026 at 10am EDT?",67° or above,yes,2026-08-16T15:31:02.34868Z,2026-08-16T14:00:00Z,0.99,,,450.27,https://kalshi.com/markets/kxtemplaxh-26aug1610,2026-08-16T19:49:45Z
kalshi,KXTEMPAUSH-26AUG1610-T81.99,"Will the temp in Austin be above 81.99° on Aug 16, 2026 at 10am EDT?",82° or above,no,2026-08-16T15:31:02.35294Z,2026-08-16T14:00:00Z,0.01,,,194.0,https://kalshi.com/markets/kxtempaush-26aug1610,2026-08-16T19:49:45Z
kalshi,KXTEMPAUSH-26AUG1610-T80.99,"Will the temp in Austin be above 80.99° on Aug 16, 2026 at 10am EDT?",81° or above,no,2026-08-16T15:31:02.35294Z,2026-08-16T14:00:00Z,0.03,,,376.23,https://kalshi.com/markets/kxtempaush-26aug1610,2026-08-16T19:49:45Z
kalshi,KXTEMPAUSH-26AUG1610-T79.99,"Will the temp in Austin be above 79.99° on Aug 16, 2026 at 10am EDT?",80° or above,yes,2026-08-16T15:31:02.35294Z,2026-08-16T14:00:00Z,0.99,,,603.48,https://kalshi.com/markets/kxtempaush-26aug1610,2026-08-16T19:49:45Z
kalshi,KXTEMPAUSH-26AUG1610-T78.99,"Will the temp in Austin be above 78.99° on Aug 16, 2026 at 10am EDT?",79° or above,yes,2026-08-16T15:31:02.35294Z,2026-08-16T14:00:00Z,0.99,,,353.75,https://kalshi.com/markets/kxtempaush-26aug1610,2026-08-16T19:49:45Z
kalshi,KXTEMPAUSH-26AUG1610-T77.99,"Will the temp in Austin be above 77.99° on Aug 16, 2026 at 10am EDT?",78° or above,yes,2026-08-16T15:31:02.35294Z,2026-08-16T14:00:00Z,0.98,,,148.91,https://kalshi.com/markets/kxtempaush-26aug1610,2026-08-16T19:49:45Z
kalshi,KXTEMPNYCH-26AUG1610-T78.99,"Will the temp in New York City be above 78.99° on Aug 16, 2026 at 10am EDT?",79° or above,no,2026-08-16T15:31:02.349919Z,2026-08-16T14:00:00Z,0.01,,,990.77,https://kalshi.com/markets/kxtempnych-26aug1610,2026-08-16T19:49:45Z
kalshi,KXTEMPNYCH-26AUG1610-T77.99,"Will the temp in New York City be above 77.99° on Aug 16, 2026 at 10am EDT?",78° or above,no,2026-08-16T15:31:02.349919Z,2026-08-16T14:00:00Z,0.01,,,2354.88,https://kalshi.com/markets/kxtempnych-26aug1610,2026-08-16T19:49:45Z
kalshi,KXTEMPNYCH-26AUG1610-T76.99,"Will the temp in New York City be above 76.99° on Aug 16, 2026 at 10am EDT?",77° or above,yes,2026-08-16T15:31:02.349919Z,2026-08-16T14:00:00Z,0.99,,,2891.07,https://kalshi.com/markets/kxtempnych-26aug1610,2026-08-16T19:49:45Z
kalshi,KXTEMPMIAH-26AUG1610-T88.99,"Will the temp in Miami be above 88.99° on Aug 16, 2026 at 10am EDT?",89° or above,no,2026-08-16T15:10:42.345727Z,2026-08-16T14:00:00Z,0.01,,,100.02,https://kalshi.com/markets/kxtempmiah-26aug1610,2026-08-16T19:49:45Z
kalshi,KXTEMPMIAH-26AUG1610-T86.99,"Will the temp in Miami be above 86.99° on Aug 16, 2026 at 10am EDT?",87° or above,yes,2026-08-16T15:10:42.345727Z,2026-08-16T14:00:00Z,0.97,,,134.78,https://kalshi.com/markets/kxtempmiah-26aug1610,2026-08-16T19:49:45Z
kalshi,KXTEMPLAXH-26AUG1609-T68.99,"Will the temp in Los Angeles be above 68.99° on Aug 16, 2026 at 9am EDT?",69° or above,no,2026-08-16T14:31:02.349524Z,2026-08-16T13:00:00Z,0.01,,,1276.06,https://kalshi.com/markets/kxtemplaxh-26aug1609,2026-08-16T19:49:45Z
kalshi,KXTEMPLAXH-26AUG1609-T67.99,"Will the temp in Los Angeles be above 67.99° on Aug 16, 2026 at 9am EDT?",68° or above,no,2026-08-16T14:31:02.349524Z,2026-08-16T13:00:00Z,0.01,,,926.39,https://kalshi.com/markets/kxtemplaxh-26aug1609,2026-08-16T19:49:45Z
kalshi,KXTEMPAUSH-26AUG1609-T77.99,"Will the temp in Austin be above 77.99° on Aug 16, 2026 at 9am EDT?",78° or above,no,2026-08-16T14:31:02.348886Z,2026-08-16T13:00:00Z,0.01,,,308.08,https://kalshi.com/markets/kxtempaush-26aug1609,2026-08-16T19:49:45Z
kalshi,KXTEMPAUSH-26AUG1609-T76.99,"Will the temp in Austin be above 76.99° on Aug 16, 2026 at 9am EDT?",77° or above,yes,2026-08-16T14:31:02.348886Z,2026-08-16T13:00:00Z,0.99,,,2721.68,https://kalshi.com/markets/kxtempaush-26aug1609,2026-08-16T19:49:45Z
kalshi,KXTEMPAUSH-26AUG1609-T75.99,"Will the temp in Austin be above 75.99° on Aug 16, 2026 at 9am EDT?",76° or above,yes,2026-08-16T14:31:02.348886Z,2026-08-16T13:00:00Z,0.99,,,1121.97,https://kalshi.com/markets/kxtempaush-26aug1609,2026-08-16T19:49:45Z
kalshi,KXTEMPNYCH-26AUG1609-T75.99,"Will the temp in New York City be above 75.99° on Aug 16, 2026 at 9am EDT?",76° or above,no,2026-08-16T14:31:02.347676Z,2026-08-16T13:00:00Z,0.01,,,791.47,https://kalshi.com/markets/kxtempnych-26aug1609,2026-08-16T19:49:45Z
kalshi,KXTEMPNYCH-26AUG1609-T74.99,"Will the temp in New York City be above 74.99° on Aug 16, 2026 at 9am EDT?",75° or above,yes,2026-08-16T14:31:02.347676Z,2026-08-16T13:00:00Z,0.99,,,670.2,https://kalshi.com/markets/kxtempnych-26aug1609,2026-08-16T19:49:45Z
kalshi,KXTEMPNYCH-26AUG1609-T73.99,"Will the temp in New York City be above 73.99° on Aug 16, 2026 at 9am EDT?",74° or above,yes,2026-08-16T14:31:02.347676Z,2026-08-16T13:00:00Z,0.99,,,431.49,https://kalshi.com/markets/kxtempnych-26aug1609,2026-08-16T19:49:45Z
kalshi,KXTEMPMIAH-26AUG1609-T87.99,"Will the temp in Miami be above 87.99° on Aug 16, 2026 at 9am EDT?",88° or above,no,2026-08-16T14:10:52.347587Z,2026-08-16T13:00:00Z,0.42,,,165.06,https://kalshi.com/markets/kxtempmiah-26aug1609,2026-08-16T19:49:45Z
kalshi,KXTEMPMIAH-26AUG1609-T86.99,"Will the temp in Miami be above 86.99° on Aug 16, 2026 at 9am EDT?",87° or above,no,2026-08-16T14:10:52.347587Z,2026-08-16T13:00:00Z,0.37,,,293.12,https://kalshi.com/markets/kxtempmiah-26aug1609,2026-08-16T19:49:45Z
kalshi,KXTEMPMIAH-26AUG1609-T85.99,"Will the temp in Miami be above 85.99° on Aug 16, 2026 at 9am EDT?",86° or above,yes,2026-08-16T14:10:52.347587Z,2026-08-16T13:00:00Z,0.93,,,173.2,https://kalshi.com/markets/kxtempmiah-26aug1609,2026-08-16T19:49:45Z
kalshi,KXTEMPMIAH-26AUG1609-T84.99,"Will the temp in Miami be above 84.99° on Aug 16, 2026 at 9am EDT?",85° or above,yes,2026-08-16T14:10:52.347587Z,2026-08-16T13:00:00Z,0.99,,,269.35,https://kalshi.com/markets/kxtempmiah-26aug1609,2026-08-16T19:49:45Z
kalshi,KXTEMPMIAH-26AUG1609-T82.99,"Will the temp in Miami be above 82.99° on Aug 16, 2026 at 9am EDT?",83° or above,yes,2026-08-16T14:10:52.347587Z,2026-08-16T13:00:00Z,0.77,,,104.0,https://kalshi.com/markets/kxtempmiah-26aug1609,2026-08-16T19:49:45Z
kalshi,KXTEMPMIAH-26AUG1609-T81.99,"Will the temp in Miami be above 81.99° on Aug 16, 2026 at 9am EDT?",82° or above,yes,2026-08-16T14:10:52.347587Z,2026-08-16T13:00:00Z,0.75,,,105.0,https://kalshi.com/markets/kxtempmiah-26aug1609,2026-08-16T19:49:45Z
kalshi,KXTEMPMIAH-26AUG1609-T80.99,"Will the temp in Miami be above 80.99° on Aug 16, 2026 at 9am EDT?",81° or above,yes,2026-08-16T14:10:52.347587Z,2026-08-16T13:00:00Z,0.75,,,104.0,https://kalshi.com/markets/kxtempmiah-26aug1609,2026-08-16T19:49:45Z
kalshi,KXTEMPDCH-26AUG1608-T75.99,"Will the temp in Washington DC be above 75.99° on Aug 16, 2026 at 8am EDT?",76° or above,yes,2026-08-16T13:31:12.350521Z,2026-08-16T12:00:00Z,0.99,,,160.09,https://kalshi.com/markets/kxtempdch-26aug1608,2026-08-16T19:49:45Z
kalshi,KXTEMPLAXH-26AUG1608-T68.99,"Will the temp in Los Angeles be above 68.99° on Aug 16, 2026 at 8am EDT?",69° or above,no,2026-08-16T13:31:12.350098Z,2026-08-16T12:00:00Z,0.01,,,126.81,https://kalshi.com/markets/kxtemplaxh-26aug1608,2026-08-16T19:49:45Z
kalshi,KXTEMPLAXH-26AUG1608-T67.99,"Will the temp in Los Angeles be above 67.99° on Aug 16, 2026 at 8am EDT?",68° or above,yes,2026-08-16T13:31:12.350098Z,2026-08-16T12:00:00Z,0.99,,,1512.92,https://kalshi.com/markets/kxtemplaxh-26aug1608,2026-08-16T19:49:45Z
kalshi,KXTEMPLAXH-26AUG1608-T66.99,"Will the temp in Los Angeles be above 66.99° on Aug 16, 2026 at 8am EDT?",67° or above,yes,2026-08-16T13:31:12.350098Z,2026-08-16T12:00:00Z,0.99,,,625.03,https://kalshi.com/markets/kxtemplaxh-26aug1608,2026-08-16T19:49:45Z
kalshi,KXTEMPAUSH-26AUG1608-T76.99,"Will the temp in Austin be above 76.99° on Aug 16, 2026 at 8am EDT?",77° or above,no,2026-08-16T13:31:12.349474Z,2026-08-16T12:00:00Z,0.02,,,206.13,https://kalshi.com/markets/kxtempaush-26aug1608,2026-08-16T19:49:45Z
kalshi,KXTEMPAUSH-26AUG1608-T75.99,"Will the temp in Austin be above 75.99° on Aug 16, 2026 at 8am EDT?",76° or above,no,2026-08-16T13:31:12.349474Z,2026-08-16T12:00:00Z,0.01,,,723.52,https://kalshi.com/markets/kxtempaush-26aug1608,2026-08-16T19:49:45Z
kalshi,KXTEMPAUSH-26AUG1608-T74.99,"Will the temp in Austin be above 74.99° on Aug 16, 2026 at 8am EDT?",75° or above,no,2026-08-16T13:31:12.349474Z,2026-08-16T12:00:00Z,0.01,,,1183.93,https://kalshi.com/markets/kxtempaush-26aug1608,2026-08-16T19:49:45Z
kalshi,KXTEMPAUSH-26AUG1608-T73.99,"Will the temp in Austin be above 73.99° on Aug 16, 2026 at 8am EDT?",74° or above,yes,2026-08-16T13:31:12.349474Z,2026-08-16T12:00:00Z,0.99,,,818.4,https://kalshi.com/markets/kxtempaush-26aug1608,2026-08-16T19:49:45Z
kalshi,KXTEMPAUSH-26AUG1608-T72.99,"Will the temp in Austin be above 72.99° on Aug 16, 2026 at 8am EDT?",73° or above,yes,2026-08-16T13:31:12.349474Z,2026-08-16T12:00:00Z,0.99,,,181.0,https://kalshi.com/markets/kxtempaush-26aug1608,2026-08-16T19:49:45Z
kalshi,KXTEMPNYCH-26AUG1608-T74.99,"Will the temp in New York City be above 74.99° on Aug 16, 2026 at 8am EDT?",75° or above,no,2026-08-16T13:31:12.348215Z,2026-08-16T12:00:00Z,0.01,,,161.0,https://kalshi.com/markets/kxtempnych-26aug1608,2026-08-16T19:49:45Z
kalshi,KXTEMPNYCH-26AUG1608-T73.99,"Will the temp in New York City be above 73.99° on Aug 16, 2026 at 8am EDT?",74° or above,no,2026-08-16T13:31:12.348215Z,2026-08-16T12:00:00Z,0.01,,,812.91,https://kalshi.com/markets/kxtempnych-26aug1608,2026-08-16T19:49:45Z
kalshi,KXTEMPNYCH-26AUG1608-T72.99,"Will the temp in New York City be above 72.99° on Aug 16, 2026 at 8am EDT?",73° or above,yes,2026-08-16T13:31:12.348215Z,2026-08-16T12:00:00Z,0.99,,,403.09,https://kalshi.com/markets/kxtempnych-26aug1608,2026-08-16T19:49:45Z
kalshi,KXTEMPNYCH-26AUG1608-T70.99,"Will the temp in New York City be above 70.99° on Aug 16, 2026 at 8am EDT?",71° or above,yes,2026-08-16T13:31:12.348215Z,2026-08-16T12:00:00Z,0.99,,,187.0,https://kalshi.com/markets/kxtempnych-26aug1608,2026-08-16T19:49:45Z
kalshi,KXTEMPMIAH-26AUG1608-T87.99,"Will the temp in Miami be above 87.99° on Aug 16, 2026 at 8am EDT?",88° or above,no,2026-08-16T13:10:42.349604Z,2026-08-16T12:00:00Z,0.01,,,849.32,https://kalshi.com/markets/kxtempmiah-26aug1608,2026-08-16T19:49:45Z
kalshi,KXTEMPMIAH-26AUG1608-T86.99,"Will the temp in Miami be above 86.99° on Aug 16, 2026 at 8am EDT?",87° or above,no,2026-08-16T13:10:42.349604Z,2026-08-16T12:00:00Z,0.01,,,312.3,https://kalshi.com/markets/kxtempmiah-26aug1608,2026-08-16T19:49:45Z
kalshi,KXTEMPMIAH-26AUG1608-T85.99,"Will the temp in Miami be above 85.99° on Aug 16, 2026 at 8am EDT?",86° or above,no,2026-08-16T13:10:42.349604Z,2026-08-16T12:00:00Z,0.01,,,141.09,https://kalshi.com/markets/kxtempmiah-26aug1608,2026-08-16T19:49:45Z
kalshi,KXTEMPMIAH-26AUG1608-T84.99,"Will the temp in Miami be above 84.99° on Aug 16, 2026 at 8am EDT?",85° or above,no,2026-08-16T13:10:42.349604Z,2026-08-16T12:00:00Z,0.01,,,1364.0,https://kalshi.com/markets/kxtempmiah-26aug1608,2026-08-16T19:49:45Z
kalshi,KXTEMPMIAH-26AUG1608-T82.99,"Will the temp in Miami be above 82.99° on Aug 16, 2026 at 8am EDT?",83° or above,yes,2026-08-16T13:10:42.349604Z,2026-08-16T12:00:00Z,0.99,,,239.0,https://kalshi.com/markets/kxtempmiah-26aug1608,2026-08-16T19:49:45Z
kalshi,KXTEMPMIAH-26AUG1608-T81.99,"Will the temp in Miami be above 81.99° on Aug 16, 2026 at 8am EDT?",82° or above,yes,2026-08-16T13:10:42.349604Z,2026-08-16T12:00:00Z,0.99,,,3663.36,https://kalshi.com/markets/kxtempmiah-26aug1608,2026-08-16T19:49:45Z
kalshi,KXTEMPMIAH-26AUG1608-T78.99,"Will the temp in Miami be above 78.99° on Aug 16, 2026 at 8am EDT?",79° or above,yes,2026-08-16T13:10:42.349604Z,2026-08-16T12:00:00Z,0.99,,,4297.0,https://kalshi.com/markets/kxtempmiah-26aug1608,2026-08-16T19:49:45Z
kalshi,KXTEMPDCH-26AUG1607-T75.99,"Will the temp in Washington DC be above 75.99° on Aug 16, 2026 at 7am EDT?",76° or above,yes,2026-08-16T12:31:12.346074Z,2026-08-16T11:00:00Z,0.99,,,155.0,https://kalshi.com/markets/kxtempdch-26aug1607,2026-08-16T19:49:45Z
kalshi,KXTEMPLAXH-26AUG1607-T68.99,"Will the temp in Los Angeles be above 68.99° on Aug 16, 2026 at 7am EDT?",69° or above,no,2026-08-16T12:31:12.345594Z,2026-08-16T11:00:00Z,0.01,,,135.07,https://kalshi.com/markets/kxtemplaxh-26aug1607,2026-08-16T19:49:45Z
kalshi,KXTEMPLAXH-26AUG1607-T67.99,"Will the temp in Los Angeles be above 67.99° on Aug 16, 2026 at 7am EDT?",68° or above,no,2026-08-16T12:31:12.345594Z,2026-08-16T11:00:00Z,0.01,,,849.23,https://kalshi.com/markets/kxtemplaxh-26aug1607,2026-08-16T19:49:45Z
kalshi,KXTEMPLAXH-26AUG1607-T66.99,"Will the temp in Los Angeles be above 66.99° on Aug 16, 2026 at 7am EDT?",67° or above,yes,2026-08-16T12:31:12.345594Z,2026-08-16T11:00:00Z,0.99,,,501.0,https://kalshi.com/markets/kxtemplaxh-26aug1607,2026-08-16T19:49:45Z
kalshi,KXTEMPLAXH-26AUG1607-T65.99,"Will the temp in Los Angeles be above 65.99° on Aug 16, 2026 at 7am EDT?",66° or above,yes,2026-08-16T12:31:12.345594Z,2026-08-16T11:00:00Z,0.99,,,102.0,https://kalshi.com/markets/kxtemplaxh-26aug1607,2026-08-16T19:49:45Z
kalshi,KXTEMPAUSH-26AUG1607-T76.99,"Will the temp in Austin be above 76.99° on Aug 16, 2026 at 7am EDT?",77° or above,no,2026-08-16T12:31:12.344891Z,2026-08-16T11:00:00Z,0.01,,,157.0,https://kalshi.com/markets/kxtempaush-26aug1607,2026-08-16T19:49:45Z
kalshi,KXTEMPAUSH-26AUG1607-T75.99,"Will the temp in Austin be above 75.99° on Aug 16, 2026 at 7am EDT?",76° or above,no,2026-08-16T12:31:12.344891Z,2026-08-16T11:00:00Z,0.01,,,268.0,https://kalshi.com/markets/kxtempaush-26aug1607,2026-08-16T19:49:45Z
kalshi,KXTEMPAUSH-26AUG1607-T74.99,"Will the temp in Austin be above 74.99° on Aug 16, 2026 at 7am EDT?",75° or above,yes,2026-08-16T12:31:12.344891Z,2026-08-16T11:00:00Z,0.99,,,378.66,https://kalshi.com/markets/kxtempaush-26aug1607,2026-08-16T19:49:45Z
kalshi,KXTEMPNYCH-26AUG1607-T72.99,"Will the temp in New York City be above 72.99° on Aug 16, 2026 at 7am EDT?",73° or above,yes,2026-08-16T12:31:02.345675Z,2026-08-16T11:00:00Z,0.99,,,402.0,https://kalshi.com/markets/kxtempnych-26aug1607,2026-08-16T19:49:45Z
kalshi,KXTEMPNYCH-26AUG1607-T71.99,"Will the temp in New York City be above 71.99° on Aug 16, 2026 at 7am EDT?",72° or above,yes,2026-08-16T12:31:02.345675Z,2026-08-16T11:00:00Z,0.99,,,835.72,https://kalshi.com/markets/kxtempnych-26aug1607,2026-08-16T19:49:45Z
kalshi,KXTEMPNYCH-26AUG1607-T70.99,"Will the temp in New York City be above 70.99° on Aug 16, 2026 at 7am EDT?",71° or above,yes,2026-08-16T12:31:02.345675Z,2026-08-16T11:00:00Z,0.99,,,240.79,https://kalshi.com/markets/kxtempnych-26aug1607,2026-08-16T19:49:45Z
kalshi,KXTEMPMIAH-26AUG1607-T86.99,"Will the temp in Miami be above 86.99° on Aug 16, 2026 at 7am EDT?",87° or above,no,2026-08-16T12:10:52.346713Z,2026-08-16T11:00:00Z,0.01,,,126.08,https://kalshi.com/markets/kxtempmiah-26aug1607,2026-08-16T19:49:45Z
kalshi,KXTEMPMIAH-26AUG1607-T85.99,"Will the temp in Miami be above 85.99° on Aug 16, 2026 at 7am EDT?",86° or above,no,2026-08-16T12:10:52.346713Z,2026-08-16T11:00:00Z,0.01,,,112.2,https://kalshi.com/markets/kxtempmiah-26aug1607,2026-08-16T19:49:45Z
kalshi,KXTEMPMIAH-26AUG1607-T84.99,"Will the temp in Miami be above 84.99° on Aug 16, 2026 at 7am EDT?",85° or above,no,2026-08-16T12:10:52.346713Z,2026-08-16T11:00:00Z,0.01,,,494.31,https://kalshi.com/markets/kxtempmiah-26aug1607,2026-08-16T19:49:45Z
kalshi,KXTEMPMIAH-26AUG1607-T83.99,"Will the temp in Miami be above 83.99° on Aug 16, 2026 at 7am EDT?",84° or above,no,2026-08-16T12:10:52.346713Z,2026-08-16T11:00:00Z,0.01,,,209.88,https://kalshi.com/markets/kxtempmiah-26aug1607,2026-08-16T19:49:45Z
kalshi,KXTEMPMIAH-26AUG1607-T78.99,"Will the temp in Miami be above 78.99° on Aug 16, 2026 at 7am EDT?",79° or above,yes,2026-08-16T12:10:52.346713Z,2026-08-16T11:00:00Z,0.99,,,132.93,https://kalshi.com/markets/kxtempmiah-26aug1607,2026-08-16T19:49:45Z
kalshi,KXTEMPMIAH-26AUG1607-T77.99,"Will the temp in Miami be above 77.99° on Aug 16, 2026 at 7am EDT?",78° or above,yes,2026-08-16T12:10:52.346713Z,2026-08-16T11:00:00Z,0.99,,,3392.71,https://kalshi.com/markets/kxtempmiah-26aug1607,2026-08-16T19:49:45Z
kalshi,KXTEMPDCH-26AUG1606-T74.99,"Will the temp in Washington DC be above 74.99° on Aug 16, 2026 at 6am EDT?",75° or above,yes,2026-08-16T11:31:03.199899Z,2026-08-16T10:00:00Z,0.99,,,155.0,https://kalshi.com/markets/kxtempdch-26aug1606,2026-08-16T19:49:45Z
kalshi,KXTEMPLAXH-26AUG1606-T67.99,"Will the temp in Los Angeles be above 67.99° on Aug 16, 2026 at 6am EDT?",68° or above,no,2026-08-16T11:31:03.199508Z,2026-08-16T10:00:00Z,0.01,,,206.65,https://kalshi.com/markets/kxtemplaxh-26aug1606,2026-08-16T19:49:45Z
kalshi,KXTEMPLAXH-26AUG1606-T66.99,"Will the temp in Los Angeles be above 66.99° on Aug 16, 2026 at 6am EDT?",67° or above,yes,2026-08-16T11:31:03.199508Z,2026-08-16T10:00:00Z,0.99,,,1227.08,https://kalshi.com/markets/kxtemplaxh-26aug1606,2026-08-16T19:49:45Z
kalshi,KXTEMPAUSH-26AUG1606-T76.99,"Will the temp in Austin be above 76.99° on Aug 16, 2026 at 6am EDT?",77° or above,no,2026-08-16T11:31:03.198961Z,2026-08-16T10:00:00Z,0.01,,,157.02,https://kalshi.com/markets/kxtempaush-26aug1606,2026-08-16T19:49:45Z
kalshi,KXTEMPAUSH-26AUG1606-T75.99,"Will the temp in Austin be above 75.99° on Aug 16, 2026 at 6am EDT?",76° or above,yes,2026-08-16T11:31:03.198961Z,2026-08-16T10:00:00Z,0.99,,,644.61,https://kalshi.com/markets/kxtempaush-26aug1606,2026-08-16T19:49:45Z
kalshi,KXTEMPAUSH-26AUG1606-T74.99,"Will the temp in Austin be above 74.99° on Aug 16, 2026 at 6am EDT?",75° or above,yes,2026-08-16T11:31:03.198961Z,2026-08-16T10:00:00Z,0.99,,,898.59,https://kalshi.com/markets/kxtempaush-26aug1606,2026-08-16T19:49:45Z
kalshi,KXTEMPAUSH-26AUG1606-T73.99,"Will the temp in Austin be above 73.99° on Aug 16, 2026 at 6am EDT?",74° or above,yes,2026-08-16T11:31:03.198961Z,2026-08-16T10:00:00Z,0.99,,,200.11,https://kalshi.com/markets/kxtempaush-26aug1606,2026-08-16T19:49:45Z
kalshi,KXTEMPNYCH-26AUG1606-T71.99,"Will the temp in New York City be above 71.99° on Aug 16, 2026 at 6am EDT?",72° or above,no,2026-08-16T11:30:52.343105Z,2026-08-16T10:00:00Z,0.01,,,604.29,https://kalshi.com/markets/kxtempnych-26aug1606,2026-08-16T19:49:45Z
kalshi,KXTEMPNYCH-26AUG1606-T70.99,"Will the temp in New York City be above 70.99° on Aug 16, 2026 at 6am EDT?",71° or above,yes,2026-08-16T11:30:52.343105Z,2026-08-16T10:00:00Z,0.99,,,268.15,https://kalshi.com/markets/kxtempnych-26aug1606,2026-08-16T19:49:45Z
kalshi,KXTEMPNYCH-26AUG1606-T69.99,"Will the temp in New York City be above 69.99° on Aug 16, 2026 at 6am EDT?",70° or above,yes,2026-08-16T11:30:52.343105Z,2026-08-16T10:00:00Z,0.98,,,148.51,https://kalshi.com/markets/kxtempnych-26aug1606,2026-08-16T19:49:45Z
kalshi,KXTEMPMIAH-26AUG1606-T84.99,"Will the temp in Miami be above 84.99° on Aug 16, 2026 at 6am EDT?",85° or above,no,2026-08-16T11:10:52.344973Z,2026-08-16T10:00:00Z,0.01,,,422.0,https://kalshi.com/markets/kxtempmiah-26aug1606,2026-08-16T19:49:45Z
kalshi,KXTEMPMIAH-26AUG1606-T83.99,"Will the temp in Miami be above 83.99° on Aug 16, 2026 at 6am EDT?",84° or above,no,2026-08-16T11:10:52.344973Z,2026-08-16T10:00:00Z,0.02,,,119.98,https://kalshi.com/markets/kxtempmiah-26aug1606,2026-08-16T19:49:45Z
kalshi,KXTEMPMIAH-26AUG1606-T81.99,"Will the temp in Miami be above 81.99° on Aug 16, 2026 at 6am EDT?",82° or above,yes,2026-08-16T11:10:52.344973Z,2026-08-16T10:00:00Z,0.99,,,536.41,https://kalshi.com/markets/kxtempmiah-26aug1606,2026-08-16T19:49:45Z
kalshi,KXTEMPLAXH-26AUG1605-T67.99,"Will the temp in Los Angeles be above 67.99° on Aug 16, 2026 at 5am EDT?",68° or above,no,2026-08-16T10:31:02.346549Z,2026-08-16T09:00:00Z,0.01,,,542.57,https://kalshi.com/markets/kxtemplaxh-26aug1605,2026-08-16T19:49:45Z
kalshi,KXTEMPLAXH-26AUG1605-T66.99,"Will the temp in Los Angeles be above 66.99° on Aug 16, 2026 at 5am EDT?",67° or above,yes,2026-08-16T10:31:02.346549Z,2026-08-16T09:00:00Z,0.99,,,1328.37,https://kalshi.com/markets/kxtemplaxh-26aug1605,2026-08-16T19:49:45Z
kalshi,KXTEMPAUSH-26AUG1605-T75.99,"Will the temp in Austin be above 75.99° on Aug 16, 2026 at 5am EDT?",76° or above,yes,2026-08-16T10:31:02.348946Z,2026-08-16T09:00:00Z,0.99,,,501.82,https://kalshi.com/markets/kxtempaush-26aug1605,2026-08-16T19:49:45Z
kalshi,KXTEMPAUSH-26AUG1605-T74.99,"Will the temp in Austin be above 74.99° on Aug 16, 2026 at 5am EDT?",75° or above,yes,2026-08-16T10:31:02.348946Z,2026-08-16T09:00:00Z,0.99,,,1240.33,https://kalshi.com/markets/kxtempaush-26aug1605,2026-08-16T19:49:45Z
kalshi,KXTEMPAUSH-26AUG1605-T73.99,"Will the temp in Austin be above 73.99° on Aug 16, 2026 at 5am EDT?",74° or above,yes,2026-08-16T10:31:02.348946Z,2026-08-16T09:00:00Z,0.99,,,441.03,https://kalshi.com/markets/kxtempaush-26aug1605,2026-08-16T19:49:45Z
kalshi,KXTEMPAUSH-26AUG1605-T72.99,"Will the temp in Austin be above 72.99° on Aug 16, 2026 at 5am EDT?",73° or above,yes,2026-08-16T10:31:02.348946Z,2026-08-16T09:00:00Z,0.99,,,312.42,https://kalshi.com/markets/kxtempaush-26aug1605,2026-08-16T19:49:45Z
kalshi,KXTEMPNYCH-26AUG1605-T71.99,"Will the temp in New York City be above 71.99° on Aug 16, 2026 at 5am EDT?",72° or above,yes,2026-08-16T10:31:02.347592Z,2026-08-16T09:00:00Z,0.99,,,749.3,https://kalshi.com/markets/kxtempnych-26aug1605,2026-08-16T19:49:45Z
kalshi,KXTEMPNYCH-26AUG1605-T70.99,"Will the temp in New York City be above 70.99° on Aug 16, 2026 at 5am EDT?",71° or above,yes,2026-08-16T10:31:02.347592Z,2026-08-16T09:00:00Z,0.99,,,578.51,https://kalshi.com/markets/kxtempnych-26aug1605,2026-08-16T19:49:45Z
kalshi,KXTEMPMIAH-26AUG1605-T83.99,"Will the temp in Miami be above 83.99° on Aug 16, 2026 at 5am EDT?",84° or above,no,2026-08-16T10:10:52.344828Z,2026-08-16T09:00:00Z,0.72,,,114.0,https://kalshi.com/markets/kxtempmiah-26aug1605,2026-08-16T19:49:45Z
kalshi,KXTEMPMIAH-26AUG1605-T81.99,"Will the temp in Miami be above 81.99° on Aug 16, 2026 at 5am EDT?",82° or above,yes,2026-08-16T10:10:52.344828Z,2026-08-16T09:00:00Z,0.98,,,343.42,https://kalshi.com/markets/kxtempmiah-26aug1605,2026-08-16T19:49:45Z
kalshi,KXTEMPMIAH-26AUG1605-T80.99,"Will the temp in Miami be above 80.99° on Aug 16, 2026 at 5am EDT?",81° or above,yes,2026-08-16T10:10:52.344828Z,2026-08-16T09:00:00Z,0.99,,,1039.11,https://kalshi.com/markets/kxtempmiah-26aug1605,2026-08-16T19:49:45Z
kalshi,KXTEMPDCH-26AUG1604-T75.99,"Will the temp in Washington DC be above 75.99° on Aug 16, 2026 at 4am EDT?",76° or above,yes,2026-08-16T09:31:12.347383Z,2026-08-16T08:00:00Z,0.99,,,160.85,https://kalshi.com/markets/kxtempdch-26aug1604,2026-08-16T19:49:45Z
kalshi,KXTEMPDCH-26AUG1604-T74.99,"Will the temp in Washington DC be above 74.99° on Aug 16, 2026 at 4am EDT?",75° or above,yes,2026-08-16T09:31:12.347383Z,2026-08-16T08:00:00Z,0.99,,,160.6,https://kalshi.com/markets/kxtempdch-26aug1604,2026-08-16T19:49:45Z
kalshi,KXTEMPLAXH-26AUG1604-T67.99,"Will the temp in Los Angeles be above 67.99° on Aug 16, 2026 at 4am EDT?",68° or above,no,2026-08-16T09:31:02.351342Z,2026-08-16T08:00:00Z,0.01,,,3016.87,https://kalshi.com/markets/kxtemplaxh-26aug1604,2026-08-16T19:49:45Z
kalshi,KXTEMPLAXH-26AUG1604-T66.99,"Will the temp in Los Angeles be above 66.99° on Aug 16, 2026 at 4am EDT?",67° or above,yes,2026-08-16T09:31:02.351342Z,2026-08-16T08:00:00Z,0.99,,,518.34,https://kalshi.com/markets/kxtemplaxh-26aug1604,2026-08-16T19:49:45Z
kalshi,KXTEMPAUSH-26AUG1604-T77.99,"Will the temp in Austin be above 77.99° on Aug 16, 2026 at 4am EDT?",78° or above,no,2026-08-16T09:31:02.350769Z,2026-08-16T08:00:00Z,0.01,,,202.78,https://kalshi.com/markets/kxtempaush-26aug1604,2026-08-16T19:49:45Z
kalshi,KXTEMPAUSH-26AUG1604-T76.99,"Will the temp in Austin be above 76.99° on Aug 16, 2026 at 4am EDT?",77° or above,no,2026-08-16T09:31:02.350769Z,2026-08-16T08:00:00Z,0.01,,,897.12,https://kalshi.com/markets/kxtempaush-26aug1604,2026-08-16T19:49:45Z
kalshi,KXTEMPAUSH-26AUG1604-T75.99,"Will the temp in Austin be above 75.99° on Aug 16, 2026 at 4am EDT?",76° or above,no,2026-08-16T09:31:02.350769Z,2026-08-16T08:00:00Z,0.01,,,689.86,https://kalshi.com/markets/kxtempaush-26aug1604,2026-08-16T19:49:45Z
kalshi,KXTEMPCHIH-26AUG1604-T73.99,"Will the temp in Chicago be above 73.99° on Aug 16, 2026 at 4am EDT?",74° or above,no,2026-08-16T09:31:02.350085Z,2026-08-16T08:00:00Z,0.01,,,947.57,https://kalshi.com/markets/kxtempchih-26aug1604,2026-08-16T19:49:45Z
kalshi,KXTEMPNYCH-26AUG1604-T72.99,"Will the temp in New York City be above 72.99° on Aug 16, 2026 at 4am EDT?",73° or above,no,2026-08-16T09:31:02.349595Z,2026-08-16T08:00:00Z,0.01,,,114.25,https://kalshi.com/markets/kxtempnych-26aug1604,2026-08-16T19:49:45Z
kalshi,KXTEMPNYCH-26AUG1604-T71.99,"Will the temp in New York City be above 71.99° on Aug 16, 2026 at 4am EDT?",72° or above,no,2026-08-16T09:31:02.349595Z,2026-08-16T08:00:00Z,0.01,,,1070.88,https://kalshi.com/markets/kxtempnych-26aug1604,2026-08-16T19:49:45Z
kalshi,KXTEMPNYCH-26AUG1604-T70.99,"Will the temp in New York City be above 70.99° on Aug 16, 2026 at 4am EDT?",71° or above,yes,2026-08-16T09:31:02.349595Z,2026-08-16T08:00:00Z,0.99,,,122.76,https://kalshi.com/markets/kxtempnych-26aug1604,2026-08-16T19:49:45Z
kalshi,KXTEMPMIAH-26AUG1604-T82.99,"Will the temp in Miami be above 82.99° on Aug 16, 2026 at 4am EDT?",83° or above,yes,2026-08-16T09:11:02.346882Z,2026-08-16T08:00:00Z,0.99,,,210.0,https://kalshi.com/markets/kxtempmiah-26aug1604,2026-08-16T19:49:45Z
kalshi,KXTEMPMIAH-26AUG1604-T81.99,"Will the temp in Miami be above 81.99° on Aug 16, 2026 at 4am EDT?",82° or above,yes,2026-08-16T09:11:02.346882Z,2026-08-16T08:00:00Z,0.99,,,161.32,https://kalshi.com/markets/kxtempmiah-26aug1604,2026-08-16T19:49:45Z
kalshi,KXTEMPMIAH-26AUG1604-T80.99,"Will the temp in Miami be above 80.99° on Aug 16, 2026 at 4am EDT?",81° or above,yes,2026-08-16T09:11:02.346882Z,2026-08-16T08:00:00Z,0.99,,,3166.38,https://kalshi.com/markets/kxtempmiah-26aug1604,2026-08-16T19:49:45Z
kalshi,KXTEMPDCH-26AUG1603-T78.99,"Will the temp in Washington DC be above 78.99° on Aug 16, 2026 at 3am EDT?",79° or above,no,2026-08-16T08:31:02.349386Z,2026-08-16T07:00:00Z,0.01,,,100.51,https://kalshi.com/markets/kxtempdch-26aug1603,2026-08-16T19:49:45Z
kalshi,KXTEMPDCH-26AUG1603-T75.99,"Will the temp in Washington DC be above 75.99° on Aug 16, 2026 at 3am EDT?",76° or above,yes,2026-08-16T08:31:02.349386Z,2026-08-16T07:00:00Z,0.99,,,158.75,https://kalshi.com/markets/kxtempdch-26aug1603,2026-08-16T19:49:45Z
kalshi,KXTEMPLAXH-26AUG1603-T68.99,"Will the temp in Los Angeles be above 68.99° on Aug 16, 2026 at 3am EDT?",69° or above,no,2026-08-16T08:31:02.34901Z,2026-08-16T07:00:00Z,0.01,,,700.85,https://kalshi.com/markets/kxtemplaxh-26aug1603,2026-08-16T19:49:45Z
kalshi,KXTEMPLAXH-26AUG1603-T67.99,"Will the temp in Los Angeles be above 67.99° on Aug 16, 2026 at 3am EDT?",68° or above,yes,2026-08-16T08:31:02.34901Z,2026-08-16T07:00:00Z,0.99,,,826.88,https://kalshi.com/markets/kxtemplaxh-26aug1603,2026-08-16T19:49:45Z
kalshi,KXTEMPLAXH-26AUG1603-T66.99,"Will the temp in Los Angeles be above 66.99° on Aug 16, 2026 at 3am EDT?",67° or above,yes,2026-08-16T08:31:02.34901Z,2026-08-16T07:00:00Z,0.95,,,104.85,https://kalshi.com/markets/kxtemplaxh-26aug1603,2026-08-16T19:49:45Z
kalshi,KXTEMPAUSH-26AUG1603-T79.99,"Will the temp in Austin be above 79.99° on Aug 16, 2026 at 3am EDT?",80° or above,no,2026-08-16T08:31:02.3513Z,2026-08-16T07:00:00Z,0.01,,,187.91,https://kalshi.com/markets/kxtempaush-26aug1603,2026-08-16T19:49:45Z
kalshi,KXTEMPAUSH-26AUG1603-T78.99,"Will the temp in Austin be above 78.99° on Aug 16, 2026 at 3am EDT?",79° or above,no,2026-08-16T08:31:02.3513Z,2026-08-16T07:00:00Z,0.01,,,953.16,https://kalshi.com/markets/kxtempaush-26aug1603,2026-08-16T19:49:45Z
kalshi,KXTEMPAUSH-26AUG1603-T77.99,"Will the temp in Austin be above 77.99° on Aug 16, 2026 at 3am EDT?",78° or above,yes,2026-08-16T08:31:02.3513Z,2026-08-16T07:00:00Z,0.99,,,868.2,https://kalshi.com/markets/kxtempaush-26aug1603,2026-08-16T19:49:45Z
kalshi,KXTEMPAUSH-26AUG1603-T76.99,"Will the temp in Austin be above 76.99° on Aug 16, 2026 at 3am EDT?",77° or above,yes,2026-08-16T08:31:02.3513Z,2026-08-16T07:00:00Z,0.99,,,358.01,https://kalshi.com/markets/kxtempaush-26aug1603,2026-08-16T19:49:45Z
kalshi,KXTEMPNYCH-26AUG1603-T72.99,"Will the temp in New York City be above 72.99° on Aug 16, 2026 at 3am EDT?",73° or above,no,2026-08-16T08:31:02.350103Z,2026-08-16T07:00:00Z,0.01,,,419.45,https://kalshi.com/markets/kxtempnych-26aug1603,2026-08-16T19:49:45Z
kalshi,KXTEMPNYCH-26AUG1603-T71.99,"Will the temp in New York City be above 71.99° on Aug 16, 2026 at 3am EDT?",72° or above,yes,2026-08-16T08:31:02.350103Z,2026-08-16T07:00:00Z,0.99,,,1433.41,https://kalshi.com/markets/kxtempnych-26aug1603,2026-08-16T19:49:45Z
kalshi,KXTEMPMIAH-26AUG1603-T83.99,"Will the temp in Miami be above 83.99° on Aug 16, 2026 at 3am EDT?",84° or above,yes,2026-08-16T08:10:42.344391Z,2026-08-16T07:00:00Z,0.96,,,138.87,https://kalshi.com/markets/kxtempmiah-26aug1603,2026-08-16T19:49:45Z
kalshi,KXTEMPMIAH-26AUG1603-T82.99,"Will the temp in Miami be above 82.99° on Aug 16, 2026 at 3am EDT?",83° or above,yes,2026-08-16T08:10:42.344391Z,2026-08-16T07:00:00Z,0.99,,,6921.0,https://kalshi.com/markets/kxtempmiah-26aug1603,2026-08-16T19:49:45Z
kalshi,KXTEMPMIAH-26AUG1603-T81.99,"Will the temp in Miami be above 81.99° on Aug 16, 2026 at 3am EDT?",82° or above,yes,2026-08-16T08:10:42.344391Z,2026-08-16T07:00:00Z,0.99,,,8568.99,https://kalshi.com/markets/kxtempmiah-26aug1603,2026-08-16T19:49:45Z
kalshi,KXTEMPMIAH-26AUG1603-T80.99,"Will the temp in Miami be above 80.99° on Aug 16, 2026 at 3am EDT?",81° or above,yes,2026-08-16T08:10:42.344391Z,2026-08-16T07:00:00Z,0.99,,,4360.0,https://kalshi.com/markets/kxtempmiah-26aug1603,2026-08-16T19:49:45Z
kalshi,KXTEMPMIAH-26AUG1603-T79.99,"Will the temp in Miami be above 79.99° on Aug 16, 2026 at 3am EDT?",80° or above,yes,2026-08-16T08:10:42.344391Z,2026-08-16T07:00:00Z,0.99,,,3312.0,https://kalshi.com/markets/kxtempmiah-26aug1603,2026-08-16T19:49:45Z
kalshi,KXTEMPDCH-26AUG1602-T76.99,"Will the temp in Washington DC be above 76.99° on Aug 16, 2026 at 2am EDT?",77° or above,yes,2026-08-16T07:31:02.344537Z,2026-08-16T06:00:00Z,0.99,,,156.0,https://kalshi.com/markets/kxtempdch-26aug1602,2026-08-16T19:49:45Z
kalshi,KXTEMPDCH-26AUG1602-T75.99,"Will the temp in Washington DC be above 75.99° on Aug 16, 2026 at 2am EDT?",76° or above,yes,2026-08-16T07:31:02.344537Z,2026-08-16T06:00:00Z,0.99,,,158.75,https://kalshi.com/markets/kxtempdch-26aug1602,2026-08-16T19:49:45Z
kalshi,KXTEMPLAXH-26AUG1602-T69.99,"Will the temp in Los Angeles be above 69.99° on Aug 16, 2026 at 2am EDT?",70° or above,no,2026-08-16T07:31:02.344247Z,2026-08-16T06:00:00Z,0.01,,,326.39,https://kalshi.com/markets/kxtemplaxh-26aug1602,2026-08-16T19:49:45Z
kalshi,KXTEMPLAXH-26AUG1602-T68.99,"Will the temp in Los Angeles be above 68.99° on Aug 16, 2026 at 2am EDT?",69° or above,no,2026-08-16T07:31:02.344247Z,2026-08-16T06:00:00Z,0.01,,,2636.14,https://kalshi.com/markets/kxtemplaxh-26aug1602,2026-08-16T19:49:45Z
kalshi,KXTEMPLAXH-26AUG1602-T67.99,"Will the temp in Los Angeles be above 67.99° on Aug 16, 2026 at 2am EDT?",68° or above,yes,2026-08-16T07:31:02.344247Z,2026-08-16T06:00:00Z,0.99,,,549.36,https://kalshi.com/markets/kxtemplaxh-26aug1602,2026-08-16T19:49:45Z
kalshi,KXTEMPAUSH-26AUG1602-T80.99,"Will the temp in Austin be above 80.99° on Aug 16, 2026 at 2am EDT?",81° or above,no,2026-08-16T07:31:02.346429Z,2026-08-16T06:00:00Z,0.01,,,1003.35,https://kalshi.com/markets/kxtempaush-26aug1602,2026-08-16T19:49:45Z
kalshi,KXTEMPAUSH-26AUG1602-T79.99,"Will the temp in Austin be above 79.99° on Aug 16, 2026 at 2am EDT?",80° or above,no,2026-08-16T07:31:02.346429Z,2026-08-16T06:00:00Z,0.01,,,1889.87,https://kalshi.com/markets/kxtempaush-26aug1602,2026-08-16T19:49:45Z
kalshi,KXTEMPAUSH-26AUG1602-T78.99,"Will the temp in Austin be above 78.99° on Aug 16, 2026 at 2am EDT?",79° or above,yes,2026-08-16T07:31:02.346429Z,2026-08-16T06:00:00Z,0.99,,,363.26,https://kalshi.com/markets/kxtempaush-26aug1602,2026-08-16T19:49:45Z
kalshi,KXTEMPCHIH-26AUG1602-T76.99,"Will the temp in Chicago be above 76.99° on Aug 16, 2026 at 2am EDT?",77° or above,yes,2026-08-16T07:31:02.345588Z,2026-08-16T06:00:00Z,0.99,,,499.59,https://kalshi.com/markets/kxtempchih-26aug1602,2026-08-16T19:49:45Z
kalshi,KXTEMPNYCH-26AUG1602-T72.99,"Will the temp in New York City be above 72.99° on Aug 16, 2026 at 2am EDT?",73° or above,no,2026-08-16T07:31:02.345259Z,2026-08-16T06:00:00Z,0.01,,,566.64,https://kalshi.com/markets/kxtempnych-26aug1602,2026-08-16T19:49:45Z
kalshi,KXTEMPNYCH-26AUG1602-T71.99,"Will the temp in New York City be above 71.99° on Aug 16, 2026 at 2am EDT?",72° or above,yes,2026-08-16T07:31:02.345259Z,2026-08-16T06:00:00Z,0.99,,,725.81,https://kalshi.com/markets/kxtempnych-26aug1602,2026-08-16T19:49:45Z
kalshi,KXTEMPNYCH-26AUG1602-T70.99,"Will the temp in New York City be above 70.99° on Aug 16, 2026 at 2am EDT?",71° or above,yes,2026-08-16T07:31:02.345259Z,2026-08-16T06:00:00Z,0.99,,,180.0,https://kalshi.com/markets/kxtempnych-26aug1602,2026-08-16T19:49:45Z
kalshi,KXTEMPMIAH-26AUG1602-T85.99,"Will the temp in Miami be above 85.99° on Aug 16, 2026 at 2am EDT?",86° or above,no,2026-08-16T07:10:52.347135Z,2026-08-16T06:00:00Z,0.01,,,2492.99,https://kalshi.com/markets/kxtempmiah-26aug1602,2026-08-16T19:49:45Z
kalshi,KXTEMPMIAH-26AUG1602-T84.99,"Will the temp in Miami be above 84.99° on Aug 16, 2026 at 2am EDT?",85° or above,no,2026-08-16T07:10:52.347135Z,2026-08-16T06:00:00Z,0.03,,,121.83,https://kalshi.com/markets/kxtempmiah-26aug1602,2026-08-16T19:49:45Z
kalshi,KXTEMPMIAH-26AUG1602-T83.99,"Will the temp in Miami be above 83.99° on Aug 16, 2026 at 2am EDT?",84° or above,yes,2026-08-16T07:10:52.347135Z,2026-08-16T06:00:00Z,0.98,,,5689.18,https://kalshi.com/markets/kxtempmiah-26aug1602,2026-08-16T19:49:45Z
kalshi,KXTEMPMIAH-26AUG1602-T82.99,"Will the temp in Miami be above 82.99° on Aug 16, 2026 at 2am EDT?",83° or above,yes,2026-08-16T07:10:52.347135Z,2026-08-16T06:00:00Z,0.99,,,6139.33,https://kalshi.com/markets/kxtempmiah-26aug1602,2026-08-16T19:49:45Z
kalshi,KXTEMPMIAH-26AUG1602-T81.99,"Will the temp in Miami be above 81.99° on Aug 16, 2026 at 2am EDT?",82° or above,yes,2026-08-16T07:10:52.347135Z,2026-08-16T06:00:00Z,0.98,,,4395.0,https://kalshi.com/markets/kxtempmiah-26aug1602,2026-08-16T19:49:45Z
kalshi,KXTEMPDCH-26AUG1601-T78.99,"Will the temp in Washington DC be above 78.99° on Aug 16, 2026 at 1am EDT?",79° or above,no,2026-08-16T06:31:02.34645Z,2026-08-16T05:00:00Z,0.01,,,983.9,https://kalshi.com/markets/kxtempdch-26aug1601,2026-08-16T19:49:45Z
kalshi,KXTEMPLAXH-26AUG1601-T69.99,"Will the temp in Los Angeles be above 69.99° on Aug 16, 2026 at 1am EDT?",70° or above,no,2026-08-16T06:31:02.347232Z,2026-08-16T05:00:00Z,0.01,,,729.29,https://kalshi.com/markets/kxtemplaxh-26aug1601,2026-08-16T19:49:45Z
kalshi,KXTEMPLAXH-26AUG1601-T68.99,"Will the temp in Los Angeles be above 68.99° on Aug 16, 2026 at 1am EDT?",69° or above,yes,2026-08-16T06:31:02.347232Z,2026-08-16T05:00:00Z,0.99,,,584.51,https://kalshi.com/markets/kxtemplaxh-26aug1601,2026-08-16T19:49:45Z
kalshi,KXTEMPAUSH-26AUG1601-T83.99,"Will the temp in Austin be above 83.99° on Aug 16, 2026 at 1am EDT?",84° or above,no,2026-08-16T06:30:52.348446Z,2026-08-16T05:00:00Z,0.01,,,464.51,https://kalshi.com/markets/kxtempaush-26aug1601,2026-08-16T19:49:45Z
kalshi,KXTEMPAUSH-26AUG1601-T82.99,"Will the temp in Austin be above 82.99° on Aug 16, 2026 at 1am EDT?",83° or above,no,2026-08-16T06:30:52.348446Z,2026-08-16T05:00:00Z,0.01,,,1143.11,https://kalshi.com/markets/kxtempaush-26aug1601,2026-08-16T19:49:45Z
kalshi,KXTEMPAUSH-26AUG1601-T81.99,"Will the temp in Austin be above 81.99° on Aug 16, 2026 at 1am EDT?",82° or above,yes,2026-08-16T06:30:52.348446Z,2026-08-16T05:00:00Z,0.99,,,405.39,https://kalshi.com/markets/kxtempaush-26aug1601,2026-08-16T19:49:45Z
kalshi,KXTEMPAUSH-26AUG1601-T80.99,"Will the temp in Austin be above 80.99° on Aug 16, 2026 at 1am EDT?",81° or above,yes,2026-08-16T06:30:52.348446Z,2026-08-16T05:00:00Z,0.99,,,151.0,https://kalshi.com/markets/kxtempaush-26aug1601,2026-08-16T19:49:45Z
kalshi,KXTEMPNYCH-26AUG1601-T72.99,"Will the temp in New York City be above 72.99° on Aug 16, 2026 at 1am EDT?",73° or above,no,2026-08-16T06:30:52.347114Z,2026-08-16T05:00:00Z,0.01,,,572.85,https://kalshi.com/markets/kxtempnych-26aug1601,2026-08-16T19:49:45Z
kalshi,KXTEMPNYCH-26AUG1601-T71.99,"Will the temp in New York City be above 71.99° on Aug 16, 2026 at 1am EDT?",72° or above,yes,2026-08-16T06:30:52.347114Z,2026-08-16T05:00:00Z,0.99,,,304.12,https://kalshi.com/markets/kxtempnych-26aug1601,2026-08-16T19:49:45Z
kalshi,KXTEMPNYCH-26AUG1601-T70.99,"Will the temp in New York City be above 70.99° on Aug 16, 2026 at 1am EDT?",71° or above,yes,2026-08-16T06:30:52.347114Z,2026-08-16T05:00:00Z,0.99,,,186.0,https://kalshi.com/markets/kxtempnych-26aug1601,2026-08-16T19:49:45Z
kalshi,KXTEMPMIAH-26AUG1601-T86.99,"Will the temp in Miami be above 86.99° on Aug 16, 2026 at 1am EDT?",87° or above,no,2026-08-16T06:10:42.347772Z,2026-08-16T05:00:00Z,0.02,,,2689.0,https://kalshi.com/markets/kxtempmiah-26aug1601,2026-08-16T19:49:45Z
kalshi,KXTEMPMIAH-26AUG1601-T85.99,"Will the temp in Miami be above 85.99° on Aug 16, 2026 at 1am EDT?",86° or above,no,2026-08-16T06:10:42.347772Z,2026-08-16T05:00:00Z,0.01,,,5809.3,https://kalshi.com/markets/kxtempmiah-26aug1601,2026-08-16T19:49:45Z
kalshi,KXTEMPMIAH-26AUG1601-T84.99,"Will the temp in Miami be above 84.99° on Aug 16, 2026 at 1am EDT?",85° or above,no,2026-08-16T06:10:42.347772Z,2026-08-16T05:00:00Z,0.49,,,168.51,https://kalshi.com/markets/kxtempmiah-26aug1601,2026-08-16T19:49:45Z
kalshi,KXTEMPMIAH-26AUG1601-T83.99,"Will the temp in Miami be above 83.99° on Aug 16, 2026 at 1am EDT?",84° or above,yes,2026-08-16T06:10:42.347772Z,2026-08-16T05:00:00Z,0.98,,,7311.71,https://kalshi.com/markets/kxtempmiah-26aug1601,2026-08-16T19:49:45Z
kalshi,KXTEMPMIAH-26AUG1601-T82.99,"Will the temp in Miami be above 82.99° on Aug 16, 2026 at 1am EDT?",83° or above,yes,2026-08-16T06:10:42.347772Z,2026-08-16T05:00:00Z,0.94,,,2965.66,https://kalshi.com/markets/kxtempmiah-26aug1601,2026-08-16T19:49:45Z
kalshi,KXTEMPMIAH-26AUG1601-T81.99,"Will the temp in Miami be above 81.99° on Aug 16, 2026 at 1am EDT?",82° or above,yes,2026-08-16T06:10:42.347772Z,2026-08-16T05:00:00Z,0.99,,,2396.0,https://kalshi.com/markets/kxtempmiah-26aug1601,2026-08-16T19:49:45Z
kalshi,KXTEMPDCH-26AUG1600-T77.99,"Will the temp in Washington DC be above 77.99° on Aug 16, 2026 at 12am EDT?",78° or above,yes,2026-08-16T05:31:12.345924Z,2026-08-16T04:00:00Z,0.99,,,170.0,https://kalshi.com/markets/kxtempdch-26aug1600,2026-08-16T19:49:45Z
kalshi,KXTEMPDCH-26AUG1600-T76.99,"Will the temp in Washington DC be above 76.99° on Aug 16, 2026 at 12am EDT?",77° or above,yes,2026-08-16T05:31:12.345924Z,2026-08-16T04:00:00Z,0.99,,,174.0,https://kalshi.com/markets/kxtempdch-26aug1600,2026-08-16T19:49:45Z
kalshi,KXTEMPLAXH-26AUG1600-T70.99,"Will the temp in Los Angeles be above 70.99° on Aug 16, 2026 at 12am EDT?",71° or above,no,2026-08-16T05:31:12.345503Z,2026-08-16T04:00:00Z,0.01,,,328.3,https://kalshi.com/markets/kxtemplaxh-26aug1600,2026-08-16T19:49:45Z
kalshi,KXTEMPLAXH-26AUG1600-T69.99,"Will the temp in Los Angeles be above 69.99° on Aug 16, 2026 at 12am EDT?",70° or above,no,2026-08-16T05:31:12.345503Z,2026-08-16T04:00:00Z,0.01,,,842.84,https://kalshi.com/markets/kxtemplaxh-26aug1600,2026-08-16T19:49:45Z
kalshi,KXTEMPLAXH-26AUG1600-T68.99,"Will the temp in Los Angeles be above 68.99° on Aug 16, 2026 at 12am EDT?",69° or above,yes,2026-08-16T05:31:12.345503Z,2026-08-16T04:00:00Z,0.99,,,238.16,https://kalshi.com/markets/kxtemplaxh-26aug1600,2026-08-16T19:49:45Z
kalshi,KXTEMPLAXH-26AUG1600-T67.99,"Will the temp in Los Angeles be above 67.99° on Aug 16, 2026 at 12am EDT?",68° or above,yes,2026-08-16T05:31:12.345503Z,2026-08-16T04:00:00Z,0.99,,,162.84,https://kalshi.com/markets/kxtemplaxh-26aug1600,2026-08-16T19:49:45Z
kalshi,KXTEMPAUSH-26AUG1600-T86.99,"Will the temp in Austin be above 86.99° on Aug 16, 2026 at 12am EDT?",87° or above,no,2026-08-16T05:31:12.344919Z,2026-08-16T04:00:00Z,0.01,,,156.58,https://kalshi.com/markets/kxtempaush-26aug1600,2026-08-16T19:49:45Z
kalshi,KXTEMPAUSH-26AUG1600-T85.99,"Will the temp in Austin be above 85.99° on Aug 16, 2026 at 12am EDT?",86° or above,no,2026-08-16T05:31:12.344919Z,2026-08-16T04:00:00Z,0.01,,,1531.27,https://kalshi.com/markets/kxtempaush-26aug1600,2026-08-16T19:49:45Z
kalshi,KXTEMPAUSH-26AUG1600-T84.99,"Will the temp in Austin be above 84.99° on Aug 16, 2026 at 12am EDT?",85° or above,yes,2026-08-16T05:31:12.344919Z,2026-08-16T04:00:00Z,0.99,,,411.11,https://kalshi.com/markets/kxtempaush-26aug1600,2026-08-16T19:49:45Z
kalshi,KXTEMPAUSH-26AUG1600-T83.99,"Will the temp in Austin be above 83.99° on Aug 16, 2026 at 12am EDT?",84° or above,yes,2026-08-16T05:31:12.344919Z,2026-08-16T04:00:00Z,0.99,,,169.0,https://kalshi.com/markets/kxtempaush-26aug1600,2026-08-16T19:49:45Z
kalshi,KXTEMPNYCH-26AUG1600-T72.99,"Will the temp in New York City be above 72.99° on Aug 16, 2026 at 12am EDT?",73° or above,yes,2026-08-16T05:31:02.34548Z,2026-08-16T04:00:00Z,0.99,,,2147.24,https://kalshi.com/markets/kxtempnych-26aug1600,2026-08-16T19:49:45Z
kalshi,KXTEMPNYCH-26AUG1600-T71.99,"Will the temp in New York City be above 71.99° on Aug 16, 2026 at 12am EDT?",72° or above,yes,2026-08-16T05:31:02.34548Z,2026-08-16T04:00:00Z,0.99,,,361.68,https://kalshi.com/markets/kxtempnych-26aug1600,2026-08-16T19:49:45Z
kalshi,KXTEMPMIAH-26AUG1600-T85.99,"Will the temp in Miami be above 85.99° on Aug 16, 2026 at 12am EDT?",86° or above,no,2026-08-16T05:10:42.345259Z,2026-08-16T04:00:00Z,0.01,,,7142.32,https://kalshi.com/markets/kxtempmiah-26aug1600,2026-08-16T19:49:45Z
kalshi,KXTEMPMIAH-26AUG1600-T84.99,"Will the temp in Miami be above 84.99° on Aug 16, 2026 at 12am EDT?",85° or above,yes,2026-08-16T05:10:42.345259Z,2026-08-16T04:00:00Z,0.85,,,708.22,https://kalshi.com/markets/kxtempmiah-26aug1600,2026-08-16T19:49:45Z
kalshi,KXTEMPMIAH-26AUG1600-T83.99,"Will the temp in Miami be above 83.99° on Aug 16, 2026 at 12am EDT?",84° or above,yes,2026-08-16T05:10:42.345259Z,2026-08-16T04:00:00Z,0.99,,,5561.45,https://kalshi.com/markets/kxtempmiah-26aug1600,2026-08-16T19:49:45Z
kalshi,KXTEMPMIAH-26AUG1600-T82.99,"Will the temp in Miami be above 82.99° on Aug 16, 2026 at 12am EDT?",83° or above,yes,2026-08-16T05:10:42.345259Z,2026-08-16T04:00:00Z,0.99,,,5378.25,https://kalshi.com/markets/kxtempmiah-26aug1600,2026-08-16T19:49:45Z
kalshi,KXTEMPMIAH-26AUG1600-T81.99,"Will the temp in Miami be above 81.99° on Aug 16, 2026 at 12am EDT?",82° or above,yes,2026-08-16T05:10:42.345259Z,2026-08-16T04:00:00Z,0.99,,,4371.29,https://kalshi.com/markets/kxtempmiah-26aug1600,2026-08-16T19:49:45Z
kalshi,KXTEMPMIAH-26AUG1600-T80.99,"Will the temp in Miami be above 80.99° on Aug 16, 2026 at 12am EDT?",81° or above,yes,2026-08-16T05:10:42.345259Z,2026-08-16T04:00:00Z,0.99,,,3282.0,https://kalshi.com/markets/kxtempmiah-26aug1600,2026-08-16T19:49:45Z
kalshi,KXTEMPDCH-26AUG1523-T77.99,"Will the temp in Washington DC be above 77.99° on Aug 15, 2026 at 11pm EDT?",78° or above,yes,2026-08-16T04:31:06.211096Z,2026-08-16T03:00:00Z,0.99,,,155.0,https://kalshi.com/markets/kxtempdch-26aug1523,2026-08-16T19:49:45Z
kalshi,KXTEMPLAXH-26AUG1523-T70.99,"Will the temp in Los Angeles be above 70.99° on Aug 15, 2026 at 11pm EDT?",71° or above,no,2026-08-16T04:31:06.210719Z,2026-08-16T03:00:00Z,0.01,,,350.86,https://kalshi.com/markets/kxtemplaxh-26aug1523,2026-08-16T19:49:45Z
kalshi,KXTEMPLAXH-26AUG1523-T69.99,"Will the temp in Los Angeles be above 69.99° on Aug 15, 2026 at 11pm EDT?",70° or above,yes,2026-08-16T04:31:06.210719Z,2026-08-16T03:00:00Z,0.99,,,1583.21,https://kalshi.com/markets/kxtemplaxh-26aug1523,2026-08-16T19:49:45Z
kalshi,KXTEMPLAXH-26AUG1523-T68.99,"Will the temp in Los Angeles be above 68.99° on Aug 15, 2026 at 11pm EDT?",69° or above,yes,2026-08-16T04:31:06.210719Z,2026-08-16T03:00:00Z,0.97,,,605.46,https://kalshi.com/markets/kxtemplaxh-26aug1523,2026-08-16T19:49:45Z
kalshi,KXTEMPAUSH-26AUG1523-T89.99,"Will the temp in Austin be above 89.99° on Aug 15, 2026 at 11pm EDT?",90° or above,no,2026-08-16T04:31:06.210076Z,2026-08-16T03:00:00Z,0.02,,,233.06,https://kalshi.com/markets/kxtempaush-26aug1523,2026-08-16T19:49:45Z
kalshi,KXTEMPAUSH-26AUG1523-T88.99,"Will the temp in Austin be above 88.99° on Aug 15, 2026 at 11pm EDT?",89° or above,no,2026-08-16T04:31:06.210076Z,2026-08-16T03:00:00Z,0.01,,,1733.35,https://kalshi.com/markets/kxtempaush-26aug1523,2026-08-16T19:49:45Z
kalshi,KXTEMPAUSH-26AUG1523-T87.99,"Will the temp in Austin be above 87.99° on Aug 15, 2026 at 11pm EDT?",88° or above,yes,2026-08-16T04:31:06.210076Z,2026-08-16T03:00:00Z,0.99,,,1054.67,https://kalshi.com/markets/kxtempaush-26aug1523,2026-08-16T19:49:45Z
kalshi,KXTEMPAUSH-26AUG1523-T86.99,"Will the temp in Austin be above 86.99° on Aug 15, 2026 at 11pm EDT?",87° or above,yes,2026-08-16T04:31:06.210076Z,2026-08-16T03:00:00Z,0.99,,,236.0,https://kalshi.com/markets/kxtempaush-26aug1523,2026-08-16T19:49:45Z
kalshi,KXTEMPMIAH-26AUG1523-T87.99,"Will the temp in Miami be above 87.99° on Aug 15, 2026 at 11pm EDT?",88° or above,no,2026-08-16T04:10:42.345747Z,2026-08-16T03:00:00Z,0.01,,,152.59,https://kalshi.com/markets/kxtempmiah-26aug1523,2026-08-16T19:49:45Z
kalshi,KXTEMPMIAH-26AUG1523-T86.99,"Will the temp in Miami be above 86.99° on Aug 15, 2026 at 11pm EDT?",87° or above,no,2026-08-16T04:10:42.345747Z,2026-08-16T03:00:00Z,0.02,,,101.89,https://kalshi.com/markets/kxtempmiah-26aug1523,2026-08-16T19:49:45Z
kalshi,KXTEMPMIAH-26AUG1523-T85.99,"Will the temp in Miami be above 85.99° on Aug 15, 2026 at 11pm EDT?",86° or above,no,2026-08-16T04:10:42.345747Z,2026-08-16T03:00:00Z,0.02,,,1462.01,https://kalshi.com/markets/kxtempmiah-26aug1523,2026-08-16T19:49:45Z
kalshi,KXTEMPMIAH-26AUG1523-T84.99,"Will the temp in Miami be above 84.99° on Aug 15, 2026 at 11pm EDT?",85° or above,yes,2026-08-16T04:10:42.345747Z,2026-08-16T03:00:00Z,0.97,,,638.48,https://kalshi.com/markets/kxtempmiah-26aug1523,2026-08-16T19:49:45Z
kalshi,KXTEMPMIAH-26AUG1523-T83.99,"Will the temp in Miami be above 83.99° on Aug 15, 2026 at 11pm EDT?",84° or above,yes,2026-08-16T04:10:42.345747Z,2026-08-16T03:00:00Z,0.99,,,2176.0,https://kalshi.com/markets/kxtempmiah-26aug1523,2026-08-16T19:49:45Z
kalshi,KXTEMPMIAH-26AUG1523-T82.99,"Will the temp in Miami be above 82.99° on Aug 15, 2026 at 11pm EDT?",83° or above,yes,2026-08-16T04:10:42.345747Z,2026-08-16T03:00:00Z,0.99,,,1187.0,https://kalshi.com/markets/kxtempmiah-26aug1523,2026-08-16T19:49:45Z
kalshi,KXTEMPMIAH-26AUG1523-T81.99,"Will the temp in Miami be above 81.99° on Aug 15, 2026 at 11pm EDT?",82° or above,yes,2026-08-16T04:10:42.345747Z,2026-08-16T03:00:00Z,0.99,,,545.51,https://kalshi.com/markets/kxtempmiah-26aug1523,2026-08-16T19:49:45Z
kalshi,KXTEMPNYCH-26AUG1523-T74.99,"Will the temp in New York City be above 74.99° on Aug 15, 2026 at 11pm EDT?",75° or above,no,2026-08-16T04:31:06.208856Z,2026-08-16T03:00:00Z,0.01,,,160.0,https://kalshi.com/markets/kxtempnych-26aug1523,2026-08-16T19:49:45Z
kalshi,KXTEMPNYCH-26AUG1523-T73.99,"Will the temp in New York City be above 73.99° on Aug 15, 2026 at 11pm EDT?",74° or above,no,2026-08-16T04:31:06.208856Z,2026-08-16T03:00:00Z,0.01,,,643.59,https://kalshi.com/markets/kxtempnych-26aug1523,2026-08-16T19:49:45Z
kalshi,KXTEMPNYCH-26AUG1523-T72.99,"Will the temp in New York City be above 72.99° on Aug 15, 2026 at 11pm EDT?",73° or above,yes,2026-08-16T04:31:06.208856Z,2026-08-16T03:00:00Z,0.99,,,479.58,https://kalshi.com/markets/kxtempnych-26aug1523,2026-08-16T19:49:45Z
kalshi,KXNEAR15M-26AUG161545-45,NEAR price up in next 15 mins?,Target Price: $1.6102,no,2026-08-16T19:45:12.357852Z,2026-08-16T19:45:00Z,0.001,,,348.3,https://kalshi.com/markets/kxnear15m-26aug161545,2026-08-16T19:49:45Z
kalshi,KXNEAR15M-26AUG161530-30,NEAR price up in next 15 mins?,Target Price: $1.6080,yes,2026-08-16T19:30:02.381565Z,2026-08-16T19:30:00Z,0.992,,,1795.78,https://kalshi.com/markets/kxnear15m-26aug161530,2026-08-16T19:49:45Z
kalshi,KXNEAR15M-26AUG161515-15,NEAR price up in next 15 mins?,Target Price: $1.6058,yes,2026-08-16T19:15:12.342769Z,2026-08-16T19:15:00Z,0.992,,,1974.92,https://kalshi.com/markets/kxnear15m-26aug161515,2026-08-16T19:49:45Z
kalshi,KXNEAR15M-26AUG161500-00,NEAR price up in next 15 mins?,Target Price: $1.6061,no,2026-08-16T19:00:02.351678Z,2026-08-16T19:00:00Z,0.01,,,3073.83,https://kalshi.com/markets/kxnear15m-26aug161500,2026-08-16T19:49:45Z
kalshi,KXNEAR15M-26AUG161445-45,NEAR price up in next 15 mins?,Target Price: $1.6080,no,2026-08-16T18:45:12.34473Z,2026-08-16T18:45:00Z,0.001,,,1693.21,https://kalshi.com/markets/kxnear15m-26aug161445,2026-08-16T19:49:45Z
kalshi,KXNEAR15M-26AUG161430-30,NEAR price up in next 15 mins?,Target Price: $1.6079,yes,2026-08-16T18:30:02.390305Z,2026-08-16T18:30:00Z,0.999,,,9501.88,https://kalshi.com/markets/kxnear15m-26aug161430,2026-08-16T19:49:45Z
kalshi,KXNEAR15M-26AUG161415-15,NEAR price up in next 15 mins?,Target Price: $1.6089,no,2026-08-16T18:15:12.34801Z,2026-08-16T18:15:00Z,0.001,,,4170.22,https://kalshi.com/markets/kxnear15m-26aug161415,2026-08-16T19:49:45Z
kalshi,KXNEAR15M-26AUG161400-00,NEAR price up in next 15 mins?,Target Price: $1.6109,no,2026-08-16T18:00:02.640833Z,2026-08-16T18:00:00Z,0.01,,,2162.15,https://kalshi.com/markets/kxnear15m-26aug161400,2026-08-16T19:49:45Z
kalshi,KXNEAR15M-26AUG161345-45,NEAR price up in next 15 mins?,Target Price: $1.6167,no,2026-08-16T17:45:12.34453Z,2026-08-16T17:45:00Z,0.001,,,1471.29,https://kalshi.com/markets/kxnear15m-26aug161345,2026-08-16T19:49:45Z
kalshi,KXNEAR15M-26AUG161330-30,NEAR price up in next 15 mins?,Target Price: $1.6213,no,2026-08-16T17:30:02.35088Z,2026-08-16T17:30:00Z,0.001,,,1874.1,https://kalshi.com/markets/kxnear15m-26aug161330,2026-08-16T19:49:45Z
kalshi,KXNEAR15M-26AUG161315-15,NEAR price up in next 15 mins?,Target Price: $1.6232,no,2026-08-16T17:15:12.347969Z,2026-08-16T17:15:00Z,0.001,,,2007.56,https://kalshi.com/markets/kxnear15m-26aug161315,2026-08-16T19:49:45Z
kalshi,KXNEAR15M-26AUG161300-00,NEAR price up in next 15 mins?,Target Price: $1.6223,yes,2026-08-16T17:00:02.349359Z,2026-08-16T17:00:00Z,0.999,,,2904.6,https://kalshi.com/markets/kxnear15m-26aug161300,2026-08-16T19:49:45Z
kalshi,KXNEAR15M-26AUG161245-45,NEAR price up in next 15 mins?,Target Price: $1.6247,no,2026-08-16T16:45:12.348674Z,2026-08-16T16:45:00Z,0.001,,,2927.67,https://kalshi.com/markets/kxnear15m-26aug161245,2026-08-16T19:49:45Z
kalshi,KXNEAR15M-26AUG161230-30,NEAR price up in next 15 mins?,Target Price: $1.6239,yes,2026-08-16T16:30:02.374804Z,2026-08-16T16:30:00Z,0.999,,,5357.97,https://kalshi.com/markets/kxnear15m-26aug161230,2026-08-16T19:49:45Z
kalshi,KXNEAR15M-26AUG161215-15,NEAR price up in next 15 mins?,Target Price: $1.6234,yes,2026-08-16T16:15:02.347672Z,2026-08-16T16:15:00Z,0.999,,,3188.36,https://kalshi.com/markets/kxnear15m-26aug161215,2026-08-16T19:49:45Z
kalshi,KXNEAR15M-26AUG161200-00,NEAR price up in next 15 mins?,Target Price: $1.6237,no,2026-08-16T16:00:02.447898Z,2026-08-16T16:00:00Z,0.024,,,4229.21,https://kalshi.com/markets/kxnear15m-26aug161200,2026-08-16T19:49:45Z
kalshi,KXNEAR15M-26AUG161145-45,NEAR price up in next 15 mins?,Target Price: $1.6224,yes,2026-08-16T15:45:12.345262Z,2026-08-16T15:45:00Z,0.996,,,2537.7,https://kalshi.com/markets/kxnear15m-26aug161145,2026-08-16T19:49:45Z
kalshi,KXNEAR15M-26AUG161130-30,NEAR price up in next 15 mins?,Target Price: $1.6202,yes,2026-08-16T15:30:02.350308Z,2026-08-16T15:30:00Z,0.992,,,1200.56,https://kalshi.com/markets/kxnear15m-26aug161130,2026-08-16T19:49:45Z
kalshi,KXNEAR15M-26AUG161115-15,NEAR price up in next 15 mins?,Target Price: $1.6185,yes,2026-08-16T15:15:02.594091Z,2026-08-16T15:15:00Z,0.999,,,1529.31,https://kalshi.com/markets/kxnear15m-26aug161115,2026-08-16T19:49:45Z
kalshi,KXNEAR15M-26AUG161100-00,NEAR price up in next 15 mins?,Target Price: $1.6193,no,2026-08-16T15:00:02.652312Z,2026-08-16T15:00:00Z,0.001,,,2668.94,https://kalshi.com/markets/kxnear15m-26aug161100,2026-08-16T19:49:45Z
kalshi,KXNEAR15M-26AUG161045-45,NEAR price up in next 15 mins?,Target Price: $1.6195,no,2026-08-16T14:45:12.349577Z,2026-08-16T14:45:00Z,0.001,,,5043.91,https://kalshi.com/markets/kxnear15m-26aug161045,2026-08-16T19:49:45Z
kalshi,KXNEAR15M-26AUG161030-30,NEAR price up in next 15 mins?,Target Price: $1.6180,yes,2026-08-16T14:30:02.697503Z,2026-08-16T14:30:00Z,0.992,,,2357.94,https://kalshi.com/markets/kxnear15m-26aug161030,2026-08-16T19:49:45Z
kalshi,KXNEAR15M-26AUG161015-15,NEAR price up in next 15 mins?,Target Price: $1.6224,no,2026-08-16T14:15:12.353314Z,2026-08-16T14:15:00Z,0.008,,,1938.58,https://kalshi.com/markets/kxnear15m-26aug161015,2026-08-16T19:49:45Z
kalshi,KXNEAR15M-26AUG161000-00,NEAR price up in next 15 mins?,Target Price: $1.6233,no,2026-08-16T14:00:02.350235Z,2026-08-16T14:00:00Z,0.004,,,3055.25,https://kalshi.com/markets/kxnear15m-26aug161000,2026-08-16T19:49:45Z
kalshi,KXNEAR15M-26AUG160945-45,NEAR price up in next 15 mins?,Target Price: $1.6236,no,2026-08-16T13:45:12.345536Z,2026-08-16T13:45:00Z,0.001,,,2275.34,https://kalshi.com/markets/kxnear15m-26aug160945,2026-08-16T19:49:45Z
kalshi,KXNEAR15M-26AUG160930-30,NEAR price up in next 15 mins?,Target Price: $1.6239,no,2026-08-16T13:30:02.346848Z,2026-08-16T13:30:00Z,0.001,,,2699.4,https://kalshi.com/markets/kxnear15m-26aug160930,2026-08-16T19:49:45Z
kalshi,KXNEAR15M-26AUG160915-15,NEAR price up in next 15 mins?,Target Price: $1.6249,no,2026-08-16T13:15:02.549832Z,2026-08-16T13:15:00Z,0.001,,,3211.97,https://kalshi.com/markets/kxnear15m-26aug160915,2026-08-16T19:49:45Z
kalshi,KXNEAR15M-26AUG160900-00,NEAR price up in next 15 mins?,Target Price: $1.6256,no,2026-08-16T13:00:02.370515Z,2026-08-16T13:00:00Z,0.001,,,1798.5,https://kalshi.com/markets/kxnear15m-26aug160900,2026-08-16T19:49:45Z
kalshi,KXNEAR15M-26AUG160845-45,NEAR price up in next 15 mins?,Target Price: $1.6266,no,2026-08-16T12:45:12.346144Z,2026-08-16T12:45:00Z,0.001,,,3692.83,https://kalshi.com/markets/kxnear15m-26aug160845,2026-08-16T19:49:45Z
kalshi,KXNEAR15M-26AUG160830-30,NEAR price up in next 15 mins?,Target Price: $1.6231,yes,2026-08-16T12:30:02.365548Z,2026-08-16T12:30:00Z,0.999,,,1335.28,https://kalshi.com/markets/kxnear15m-26aug160830,2026-08-16T19:49:45Z
kalshi,KXNEAR15M-26AUG160815-15,NEAR price up in next 15 mins?,Target Price: $1.6250,no,2026-08-16T12:15:12.349535Z,2026-08-16T12:15:00Z,0.001,,,2135.66,https://kalshi.com/markets/kxnear15m-26aug160815,2026-08-16T19:49:45Z
kalshi,KXNEAR15M-26AUG160800-00,NEAR price up in next 15 mins?,Target Price: $1.6249,yes,2026-08-16T12:00:02.366916Z,2026-08-16T12:00:00Z,0.999,,,1596.07,https://kalshi.com/markets/kxnear15m-26aug160800,2026-08-16T19:49:45Z
kalshi,KXNEAR15M-26AUG160745-45,NEAR price up in next 15 mins?,Target Price: $1.6244,yes,2026-08-16T11:45:12.345876Z,2026-08-16T11:45:00Z,0.999,,,2145.42,https://kalshi.com/markets/kxnear15m-26aug160745,2026-08-16T19:49:45Z
kalshi,KXNEAR15M-26AUG160730-30,NEAR price up in next 15 mins?,Target Price: $1.6183,yes,2026-08-16T11:30:02.663453Z,2026-08-16T11:30:00Z,0.999,,,4611.28,https://kalshi.com/markets/kxnear15m-26aug160730,2026-08-16T19:49:45Z
kalshi,KXNEAR15M-26AUG160715-15,NEAR price up in next 15 mins?,Target Price: $1.6167,yes,2026-08-16T11:15:02.346049Z,2026-08-16T11:15:00Z,0.999,,,1352.65,https://kalshi.com/markets/kxnear15m-26aug160715,2026-08-16T19:49:45Z
kalshi,KXNEAR15M-26AUG160700-00,NEAR price up in next 15 mins?,Target Price: $1.6173,no,2026-08-16T11:00:02.351068Z,2026-08-16T11:00:00Z,0.001,,,1633.67,https://kalshi.com/markets/kxnear15m-26aug160700,2026-08-16T19:49:45Z
kalshi,KXNEAR15M-26AUG160645-45,NEAR price up in next 15 mins?,Target Price: $1.6149,yes,2026-08-16T10:45:12.347559Z,2026-08-16T10:45:00Z,0.999,,,1854.7,https://kalshi.com/markets/kxnear15m-26aug160645,2026-08-16T19:49:45Z
kalshi,KXNEAR15M-26AUG160630-30,NEAR price up in next 15 mins?,Target Price: $1.6149,yes,2026-08-16T10:30:02.362425Z,2026-08-16T10:30:00Z,0.909,,,3295.0,https://kalshi.com/markets/kxnear15m-26aug160630,2026-08-16T19:49:45Z
kalshi,KXNEAR15M-26AUG160615-15,NEAR price up in next 15 mins?,Target Price: $1.6159,no,2026-08-16T10:15:02.347176Z,2026-08-16T10:15:00Z,0.001,,,3301.91,https://kalshi.com/markets/kxnear15m-26aug160615,2026-08-16T19:49:45Z
kalshi,KXNEAR15M-26AUG160600-00,NEAR price up in next 15 mins?,Target Price: $1.6143,yes,2026-08-16T10:00:02.360764Z,2026-08-16T10:00:00Z,0.999,,,1512.99,https://kalshi.com/markets/kxnear15m-26aug160600,2026-08-16T19:49:45Z
kalshi,KXNEAR15M-26AUG160545-45,NEAR price up in next 15 mins?,Target Price: $1.6149,no,2026-08-16T09:45:12.346461Z,2026-08-16T09:45:00Z,0.001,,,2615.66,https://kalshi.com/markets/kxnear15m-26aug160545,2026-08-16T19:49:45Z
kalshi,KXNEAR15M-26AUG160530-30,NEAR price up in next 15 mins?,Target Price: $1.6181,no,2026-08-16T09:30:02.36132Z,2026-08-16T09:30:00Z,0.001,,,1601.96,https://kalshi.com/markets/kxnear15m-26aug160530,2026-08-16T19:49:45Z
kalshi,KXNEAR15M-26AUG160515-15,NEAR price up in next 15 mins?,Target Price: $1.6161,yes,2026-08-16T09:15:12.342623Z,2026-08-16T09:15:00Z,0.999,,,2293.91,https://kalshi.com/markets/kxnear15m-26aug160515,2026-08-16T19:49:45Z
kalshi,KXNEAR15M-26AUG160500-00,NEAR price up in next 15 mins?,Target Price: $1.6138,yes,2026-08-16T09:00:02.348249Z,2026-08-16T09:00:00Z,0.999,,,2307.64,https://kalshi.com/markets/kxnear15m-26aug160500,2026-08-16T19:49:45Z
kalshi,KXNEAR15M-26AUG160445-45,NEAR price up in next 15 mins?,Target Price: $1.6132,yes,2026-08-16T08:45:12.352325Z,2026-08-16T08:45:00Z,0.999,,,1680.89,https://kalshi.com/markets/kxnear15m-26aug160445,2026-08-16T19:49:45Z
kalshi,KXNEAR15M-26AUG160430-30,NEAR price up in next 15 mins?,Target Price: $1.6113,yes,2026-08-16T08:30:02.343495Z,2026-08-16T08:30:00Z,0.999,,,1368.34,https://kalshi.com/markets/kxnear15m-26aug160430,2026-08-16T19:49:45Z
kalshi,KXNEAR15M-26AUG160415-15,NEAR price up in next 15 mins?,Target Price: $1.6125,no,2026-08-16T08:15:12.345114Z,2026-08-16T08:15:00Z,0.001,,,1466.47,https://kalshi.com/markets/kxnear15m-26aug160415,2026-08-16T19:49:45Z
kalshi,KXNEAR15M-26AUG160400-00,NEAR price up in next 15 mins?,Target Price: $1.6101,yes,2026-08-16T08:00:02.366857Z,2026-08-16T08:00:00Z,0.999,,,1648.01,https://kalshi.com/markets/kxnear15m-26aug160400,2026-08-16T19:49:45Z
kalshi,KXNEAR15M-26AUG160345-45,NEAR price up in next 15 mins?,Target Price: $1.6076,yes,2026-08-16T07:45:12.345069Z,2026-08-16T07:45:00Z,0.999,,,2914.4,https://kalshi.com/markets/kxnear15m-26aug160345,2026-08-16T19:49:45Z
kalshi,KXNEAR15M-26AUG160330-30,NEAR price up in next 15 mins?,Target Price: $1.6076,yes,2026-08-16T07:30:02.344068Z,2026-08-16T07:30:00Z,0.987,,,4505.63,https://kalshi.com/markets/kxnear15m-26aug160330,2026-08-16T19:49:45Z
kalshi,KXNEAR15M-26AUG160315-15,NEAR price up in next 15 mins?,Target Price: $1.6072,yes,2026-08-16T07:15:12.34494Z,2026-08-16T07:15:00Z,0.995,,,4558.35,https://kalshi.com/markets/kxnear15m-26aug160315,2026-08-16T19:49:45Z
kalshi,KXNEAR15M-26AUG160300-00,NEAR price up in next 15 mins?,Target Price: $1.6085,no,2026-08-16T07:00:02.343697Z,2026-08-16T07:00:00Z,0.001,,,2341.47,https://kalshi.com/markets/kxnear15m-26aug160300,2026-08-16T19:49:45Z
kalshi,KXNEAR15M-26AUG160245-45,NEAR price up in next 15 mins?,Target Price: $1.6065,yes,2026-08-16T06:45:12.345352Z,2026-08-16T06:45:00Z,0.999,,,1594.71,https://kalshi.com/markets/kxnear15m-26aug160245,2026-08-16T19:49:45Z
kalshi,KXNEAR15M-26AUG160230-30,NEAR price up in next 15 mins?,Target Price: $1.6087,no,2026-08-16T06:30:02.345597Z,2026-08-16T06:30:00Z,0.001,,,1536.09,https://kalshi.com/markets/kxnear15m-26aug160230,2026-08-16T19:49:45Z
kalshi,KXNEAR15M-26AUG160215-15,NEAR price up in next 15 mins?,Target Price: $1.6094,no,2026-08-16T06:15:12.34578Z,2026-08-16T06:15:00Z,0.001,,,2793.53,https://kalshi.com/markets/kxnear15m-26aug160215,2026-08-16T19:49:45Z
kalshi,KXNEAR15M-26AUG160200-00,NEAR price up in next 15 mins?,Target Price: $1.6102,no,2026-08-16T06:00:02.352518Z,2026-08-16T06:00:00Z,0.001,,,3048.34,https://kalshi.com/markets/kxnear15m-26aug160200,2026-08-16T19:49:45Z
kalshi,KXNEAR15M-26AUG160145-45,NEAR price up in next 15 mins?,Target Price: $1.6111,no,2026-08-16T05:45:12.350898Z,2026-08-16T05:45:00Z,0.001,,,2693.86,https://kalshi.com/markets/kxnear15m-26aug160145,2026-08-16T19:49:45Z
kalshi,KXNEAR15M-26AUG160130-30,NEAR price up in next 15 mins?,Target Price: $1.6122,no,2026-08-16T05:30:02.352399Z,2026-08-16T05:30:00Z,0.001,,,2094.24,https://kalshi.com/markets/kxnear15m-26aug160130,2026-08-16T19:49:45Z
kalshi,KXNEAR15M-26AUG160115-15,NEAR price up in next 15 mins?,Target Price: $1.6112,yes,2026-08-16T05:15:12.348752Z,2026-08-16T05:15:00Z,0.999,,,2398.6,https://kalshi.com/markets/kxnear15m-26aug160115,2026-08-16T19:49:45Z
kalshi,KXNEAR15M-26AUG160100-00,NEAR price up in next 15 mins?,Target Price: $1.6129,no,2026-08-16T05:00:02.345468Z,2026-08-16T05:00:00Z,0.001,,,1928.94,https://kalshi.com/markets/kxnear15m-26aug160100,2026-08-16T19:49:45Z
kalshi,KXNEAR15M-26AUG160045-45,NEAR price up in next 15 mins?,Target Price: $1.6135,no,2026-08-16T04:45:12.348062Z,2026-08-16T04:45:00Z,0.001,,,2787.27,https://kalshi.com/markets/kxnear15m-26aug160045,2026-08-16T19:49:45Z
kalshi,KXNEAR15M-26AUG160030-30,NEAR price up in next 15 mins?,Target Price: $1.6119,yes,2026-08-16T04:30:02.38445Z,2026-08-16T04:30:00Z,0.999,,,3092.38,https://kalshi.com/markets/kxnear15m-26aug160030,2026-08-16T19:49:45Z
kalshi,KXNEAR15M-26AUG160015-15,NEAR price up in next 15 mins?,Target Price: $1.6102,yes,2026-08-16T04:15:02.3504Z,2026-08-16T04:15:00Z,0.999,,,4220.19,https://kalshi.com/markets/kxnear15m-26aug160015,2026-08-16T19:49:45Z
kalshi,KXZEC15M-26AUG161545-45,ZEC price up in next 15 mins?,Target Price: $491.8485,no,2026-08-16T19:45:12.391064Z,2026-08-16T19:45:00Z,0.001,,,2035.08,https://kalshi.com/markets/kxzec15m-26aug161545,2026-08-16T19:49:45Z
kalshi,KXZEC15M-26AUG161530-30,ZEC price up in next 15 mins?,Target Price: $490.8256,yes,2026-08-16T19:30:02.381418Z,2026-08-16T19:30:00Z,0.992,,,8349.78,https://kalshi.com/markets/kxzec15m-26aug161530,2026-08-16T19:49:45Z
kalshi,KXZEC15M-26AUG161515-15,ZEC price up in next 15 mins?,Target Price: $490.1810,yes,2026-08-16T19:15:12.343127Z,2026-08-16T19:15:00Z,0.999,,,4309.37,https://kalshi.com/markets/kxzec15m-26aug161515,2026-08-16T19:49:45Z
kalshi,KXZEC15M-26AUG161500-00,ZEC price up in next 15 mins?,Target Price: $490.6213,no,2026-08-16T19:00:02.3966Z,2026-08-16T19:00:00Z,0.001,,,6188.81,https://kalshi.com/markets/kxzec15m-26aug161500,2026-08-16T19:49:45Z
kalshi,KXZEC15M-26AUG161445-45,ZEC price up in next 15 mins?,Target Price: $490.6714,no,2026-08-16T18:45:12.345128Z,2026-08-16T18:45:00Z,0.001,,,6610.81,https://kalshi.com/markets/kxzec15m-26aug161445,2026-08-16T19:49:45Z
kalshi,KXZEC15M-26AUG161430-30,ZEC price up in next 15 mins?,Target Price: $490.4548,yes,2026-08-16T18:30:02.34873Z,2026-08-16T18:30:00Z,0.999,,,6154.06,https://kalshi.com/markets/kxzec15m-26aug161430,2026-08-16T19:49:45Z
kalshi,KXZEC15M-26AUG161415-15,ZEC price up in next 15 mins?,Target Price: $490.3984,yes,2026-08-16T18:15:12.354907Z,2026-08-16T18:15:00Z,0.999,,,7042.13,https://kalshi.com/markets/kxzec15m-26aug161415,2026-08-16T19:49:45Z
kalshi,KXZEC15M-26AUG161400-00,ZEC price up in next 15 mins?,Target Price: $490.9861,no,2026-08-16T18:00:02.641172Z,2026-08-16T18:00:00Z,0.001,,,7383.04,https://kalshi.com/markets/kxzec15m-26aug161400,2026-08-16T19:49:45Z
kalshi,KXZEC15M-26AUG161345-45,ZEC price up in next 15 mins?,Target Price: $493.2369,no,2026-08-16T17:45:12.344194Z,2026-08-16T17:45:00Z,0.001,,,5220.34,https://kalshi.com/markets/kxzec15m-26aug161345,2026-08-16T19:49:45Z
kalshi,KXZEC15M-26AUG161330-30,ZEC price up in next 15 mins?,Target Price: $492.5641,yes,2026-08-16T17:30:02.347929Z,2026-08-16T17:30:00Z,0.999,,,6929.59,https://kalshi.com/markets/kxzec15m-26aug161330,2026-08-16T19:49:45Z
kalshi,KXZEC15M-26AUG161315-15,ZEC price up in next 15 mins?,Target Price: $492.6531,no,2026-08-16T17:15:12.347559Z,2026-08-16T17:15:00Z,0.001,,,8226.9,https://kalshi.com/markets/kxzec15m-26aug161315,2026-08-16T19:49:45Z
kalshi,KXZEC15M-26AUG161300-00,ZEC price up in next 15 mins?,Target Price: $492.9516,no,2026-08-16T17:00:02.34973Z,2026-08-16T17:00:00Z,0.001,,,7024.58,https://kalshi.com/markets/kxzec15m-26aug161300,2026-08-16T19:49:45Z
kalshi,KXZEC15M-26AUG161245-45,ZEC price up in next 15 mins?,Target Price: $492.6590,yes,2026-08-16T16:45:12.355891Z,2026-08-16T16:45:00Z,0.999,,,11652.49,https://kalshi.com/markets/kxzec15m-26aug161245,2026-08-16T19:49:45Z
kalshi,KXZEC15M-26AUG161230-30,ZEC price up in next 15 mins?,Target Price: $493.3808,no,2026-08-16T16:30:02.374979Z,2026-08-16T16:30:00Z,0.001,,,6914.65,https://kalshi.com/markets/kxzec15m-26aug161230,2026-08-16T19:49:45Z
kalshi,KXZEC15M-26AUG161215-15,ZEC price up in next 15 mins?,Target Price: $493.5276,no,2026-08-16T16:15:12.348551Z,2026-08-16T16:15:00Z,0.001,,,7225.86,https://kalshi.com/markets/kxzec15m-26aug161215,2026-08-16T19:49:45Z
kalshi,KXZEC15M-26AUG161200-00,ZEC price up in next 15 mins?,Target Price: $492.6840,yes,2026-08-16T16:00:02.448275Z,2026-08-16T16:00:00Z,0.999,,,4144.87,https://kalshi.com/markets/kxzec15m-26aug161200,2026-08-16T19:49:45Z
kalshi,KXZEC15M-26AUG161145-45,ZEC price up in next 15 mins?,Target Price: $492.1932,yes,2026-08-16T15:45:12.347288Z,2026-08-16T15:45:00Z,0.999,,,4965.89,https://kalshi.com/markets/kxzec15m-26aug161145,2026-08-16T19:49:45Z
kalshi,KXZEC15M-26AUG161130-30,ZEC price up in next 15 mins?,Target Price: $492.8010,no,2026-08-16T15:30:02.34964Z,2026-08-16T15:30:00Z,0.007,,,7459.28,https://kalshi.com/markets/kxzec15m-26aug161130,2026-08-16T19:49:45Z
kalshi,KXZEC15M-26AUG161115-15,ZEC price up in next 15 mins?,Target Price: $493.3416,no,2026-08-16T15:15:02.593783Z,2026-08-16T15:15:00Z,0.001,,,11322.41,https://kalshi.com/markets/kxzec15m-26aug161115,2026-08-16T19:49:45Z
kalshi,KXZEC15M-26AUG161100-00,ZEC price up in next 15 mins?,Target Price: $491.8580,yes,2026-08-16T15:00:02.646534Z,2026-08-16T15:00:00Z,0.999,,,3706.53,https://kalshi.com/markets/kxzec15m-26aug161100,2026-08-16T19:49:45Z
kalshi,KXZEC15M-26AUG161045-45,ZEC price up in next 15 mins?,Target Price: $492.4985,no,2026-08-16T14:45:12.346352Z,2026-08-16T14:45:00Z,0.001,,,4059.91,https://kalshi.com/markets/kxzec15m-26aug161045,2026-08-16T19:49:45Z
kalshi,KXZEC15M-26AUG161030-30,ZEC price up in next 15 mins?,Target Price: $490.4237,yes,2026-08-16T14:30:02.697278Z,2026-08-16T14:30:00Z,0.999,,,4964.96,https://kalshi.com/markets/kxzec15m-26aug161030,2026-08-16T19:49:45Z
kalshi,KXZEC15M-26AUG161015-15,ZEC price up in next 15 mins?,Target Price: $489.6727,yes,2026-08-16T14:15:12.348239Z,2026-08-16T14:15:00Z,0.995,,,6009.84,https://kalshi.com/markets/kxzec15m-26aug161015,2026-08-16T19:49:45Z
kalshi,KXZEC15M-26AUG161000-00,ZEC price up in next 15 mins?,Target Price: $486.2383,yes,2026-08-16T14:00:02.349833Z,2026-08-16T14:00:00Z,0.999,,,5594.23,https://kalshi.com/markets/kxzec15m-26aug161000,2026-08-16T19:49:45Z
kalshi,KXZEC15M-26AUG160945-45,ZEC price up in next 15 mins?,Target Price: $486.1600,yes,2026-08-16T13:45:12.369723Z,2026-08-16T13:45:00Z,0.999,,,9500.94,https://kalshi.com/markets/kxzec15m-26aug160945,2026-08-16T19:49:45Z
kalshi,KXZEC15M-26AUG160930-30,ZEC price up in next 15 mins?,Target Price: $485.3667,yes,2026-08-16T13:30:02.346431Z,2026-08-16T13:30:00Z,0.999,,,7952.71,https://kalshi.com/markets/kxzec15m-26aug160930,2026-08-16T19:49:45Z
kalshi,KXZEC15M-26AUG160915-15,ZEC price up in next 15 mins?,Target Price: $484.4986,yes,2026-08-16T13:15:02.549405Z,2026-08-16T13:15:00Z,0.999,,,4664.57,https://kalshi.com/markets/kxzec15m-26aug160915,2026-08-16T19:49:45Z
kalshi,KXZEC15M-26AUG160900-00,ZEC price up in next 15 mins?,Target Price: $484.3795,yes,2026-08-16T13:00:02.370687Z,2026-08-16T13:00:00Z,0.999,,,10187.24,https://kalshi.com/markets/kxzec15m-26aug160900,2026-08-16T19:49:45Z
kalshi,KXZEC15M-26AUG160845-45,ZEC price up in next 15 mins?,Target Price: $484.5986,no,2026-08-16T12:45:12.349439Z,2026-08-16T12:45:00Z,0.001,,,4323.06,https://kalshi.com/markets/kxzec15m-26aug160845,2026-08-16T19:49:45Z
kalshi,KXZEC15M-26AUG160830-30,ZEC price up in next 15 mins?,Target Price: $484.4582,yes,2026-08-16T12:30:02.365423Z,2026-08-16T12:30:00Z,0.99,,,4906.72,https://kalshi.com/markets/kxzec15m-26aug160830,2026-08-16T19:49:45Z
kalshi,KXZEC15M-26AUG160815-15,ZEC price up in next 15 mins?,Target Price: $485.6972,no,2026-08-16T12:15:12.349412Z,2026-08-16T12:15:00Z,0.001,,,2756.38,https://kalshi.com/markets/kxzec15m-26aug160815,2026-08-16T19:49:45Z
kalshi,KXZEC15M-26AUG160800-00,ZEC price up in next 15 mins?,Target Price: $485.6954,yes,2026-08-16T12:00:02.367035Z,2026-08-16T12:00:00Z,0.998,,,8402.1,https://kalshi.com/markets/kxzec15m-26aug160800,2026-08-16T19:49:45Z
kalshi,KXZEC15M-26AUG160745-45,ZEC price up in next 15 mins?,Target Price: $486.1351,no,2026-08-16T11:45:12.345557Z,2026-08-16T11:45:00Z,0.007,,,2256.19,https://kalshi.com/markets/kxzec15m-26aug160745,2026-08-16T19:49:45Z
kalshi,KXZEC15M-26AUG160730-30,ZEC price up in next 15 mins?,Target Price: $485.5495,yes,2026-08-16T11:30:02.663594Z,2026-08-16T11:30:00Z,0.999,,,5180.01,https://kalshi.com/markets/kxzec15m-26aug160730,2026-08-16T19:49:45Z
kalshi,KXZEC15M-26AUG160715-15,ZEC price up in next 15 mins?,Target Price: $485.7343,no,2026-08-16T11:15:02.345783Z,2026-08-16T11:15:00Z,0.001,,,3418.98,https://kalshi.com/markets/kxzec15m-26aug160715,2026-08-16T19:49:45Z
kalshi,KXZEC15M-26AUG160700-00,ZEC price up in next 15 mins?,Target Price: $485.5883,yes,2026-08-16T11:00:02.362058Z,2026-08-16T11:00:00Z,0.999,,,5105.15,https://kalshi.com/markets/kxzec15m-26aug160700,2026-08-16T19:49:45Z
kalshi,KXZEC15M-26AUG160645-45,ZEC price up in next 15 mins?,Target Price: $485.6927,no,2026-08-16T10:45:12.347775Z,2026-08-16T10:45:00Z,0.001,,,3752.16,https://kalshi.com/markets/kxzec15m-26aug160645,2026-08-16T19:49:45Z
kalshi,KXZEC15M-26AUG160630-30,ZEC price up in next 15 mins?,Target Price: $485.5577,yes,2026-08-16T10:30:02.362536Z,2026-08-16T10:30:00Z,0.999,,,4553.81,https://kalshi.com/markets/kxzec15m-26aug160630,2026-08-16T19:49:45Z
kalshi,KXZEC15M-26AUG160615-15,ZEC price up in next 15 mins?,Target Price: $487.2624,no,2026-08-16T10:15:12.34391Z,2026-08-16T10:15:00Z,0.001,,,2688.94,https://kalshi.com/markets/kxzec15m-26aug160615,2026-08-16T19:49:45Z
kalshi,KXZEC15M-26AUG160600-00,ZEC price up in next 15 mins?,Target Price: $486.9186,yes,2026-08-16T10:00:02.360634Z,2026-08-16T10:00:00Z,0.999,,,2840.4,https://kalshi.com/markets/kxzec15m-26aug160600,2026-08-16T19:49:45Z
kalshi,KXZEC15M-26AUG160545-45,ZEC price up in next 15 mins?,Target Price: $488.9006,no,2026-08-16T09:45:12.346248Z,2026-08-16T09:45:00Z,0.001,,,4558.21,https://kalshi.com/markets/kxzec15m-26aug160545,2026-08-16T19:49:45Z
kalshi,KXZEC15M-26AUG160530-30,ZEC price up in next 15 mins?,Target Price: $487.4712,yes,2026-08-16T09:30:02.361198Z,2026-08-16T09:30:00Z,0.999,,,3749.42,https://kalshi.com/markets/kxzec15m-26aug160530,2026-08-16T19:49:45Z
kalshi,KXZEC15M-26AUG160515-15,ZEC price up in next 15 mins?,Target Price: $487.2738,yes,2026-08-16T09:15:12.344106Z,2026-08-16T09:15:00Z,0.999,,,4131.21,https://kalshi.com/markets/kxzec15m-26aug160515,2026-08-16T19:49:45Z
kalshi,KXZEC15M-26AUG160500-00,ZEC price up in next 15 mins?,Target Price: $487.5148,no,2026-08-16T09:00:02.363052Z,2026-08-16T09:00:00Z,0.001,,,4232.89,https://kalshi.com/markets/kxzec15m-26aug160500,2026-08-16T19:49:45Z
kalshi,KXZEC15M-26AUG160445-45,ZEC price up in next 15 mins?,Target Price: $487.1463,yes,2026-08-16T08:45:12.353555Z,2026-08-16T08:45:00Z,0.999,,,4513.11,https://kalshi.com/markets/kxzec15m-26aug160445,2026-08-16T19:49:45Z
kalshi,KXZEC15M-26AUG160430-30,ZEC price up in next 15 mins?,Target Price: $487.4279,no,2026-08-16T08:30:02.346946Z,2026-08-16T08:30:00Z,0.01,,,6894.98,https://kalshi.com/markets/kxzec15m-26aug160430,2026-08-16T19:49:45Z
kalshi,KXZEC15M-26AUG160415-15,ZEC price up in next 15 mins?,Target Price: $487.7054,no,2026-08-16T08:15:12.344793Z,2026-08-16T08:15:00Z,0.001,,,4198.76,https://kalshi.com/markets/kxzec15m-26aug160415,2026-08-16T19:49:45Z
kalshi,KXZEC15M-26AUG160400-00,ZEC price up in next 15 mins?,Target Price: $487.2942,yes,2026-08-16T08:00:02.367103Z,2026-08-16T08:00:00Z,0.999,,,4711.57,https://kalshi.com/markets/kxzec15m-26aug160400,2026-08-16T19:49:45Z
kalshi,KXZEC15M-26AUG160345-45,ZEC price up in next 15 mins?,Target Price: $486.9877,yes,2026-08-16T07:45:12.345349Z,2026-08-16T07:45:00Z,0.999,,,3325.02,https://kalshi.com/markets/kxzec15m-26aug160345,2026-08-16T19:49:45Z
kalshi,KXZEC15M-26AUG160330-30,ZEC price up in next 15 mins?,Target Price: $486.4990,yes,2026-08-16T07:30:02.343676Z,2026-08-16T07:30:00Z,0.999,,,3958.44,https://kalshi.com/markets/kxzec15m-26aug160330,2026-08-16T19:49:45Z
kalshi,KXZEC15M-26AUG160315-15,ZEC price up in next 15 mins?,Target Price: $486.9240,no,2026-08-16T07:15:12.344599Z,2026-08-16T07:15:00Z,0.001,,,3085.87,https://kalshi.com/markets/kxzec15m-26aug160315,2026-08-16T19:49:45Z
kalshi,KXZEC15M-26AUG160300-00,ZEC price up in next 15 mins?,Target Price: $487.5180,no,2026-08-16T07:00:02.344187Z,2026-08-16T07:00:00Z,0.001,,,4901.88,https://kalshi.com/markets/kxzec15m-26aug160300,2026-08-16T19:49:45Z
kalshi,KXZEC15M-26AUG160245-45,ZEC price up in next 15 mins?,Target Price: $485.4135,yes,2026-08-16T06:45:12.345842Z,2026-08-16T06:45:00Z,0.999,,,4212.73,https://kalshi.com/markets/kxzec15m-26aug160245,2026-08-16T19:49:45Z
kalshi,KXZEC15M-26AUG160230-30,ZEC price up in next 15 mins?,Target Price: $485.7322,no,2026-08-16T06:30:02.345267Z,2026-08-16T06:30:00Z,0.001,,,8247.63,https://kalshi.com/markets/kxzec15m-26aug160230,2026-08-16T19:49:45Z
kalshi,KXZEC15M-26AUG160215-15,ZEC price up in next 15 mins?,Target Price: $486.3901,no,2026-08-16T06:15:12.346146Z,2026-08-16T06:15:00Z,0.001,,,6561.43,https://kalshi.com/markets/kxzec15m-26aug160215,2026-08-16T19:49:45Z
kalshi,KXZEC15M-26AUG160200-00,ZEC price up in next 15 mins?,Target Price: $486.7008,no,2026-08-16T06:00:02.352847Z,2026-08-16T06:00:00Z,0.001,,,6063.59,https://kalshi.com/markets/kxzec15m-26aug160200,2026-08-16T19:49:45Z
kalshi,KXZEC15M-26AUG160145-45,ZEC price up in next 15 mins?,Target Price: $486.9737,no,2026-08-16T05:45:12.346936Z,2026-08-16T05:45:00Z,0.001,,,7602.53,https://kalshi.com/markets/kxzec15m-26aug160145,2026-08-16T19:49:45Z
kalshi,KXZEC15M-26AUG160130-30,ZEC price up in next 15 mins?,Target Price: $487.8846,no,2026-08-16T05:30:02.348768Z,2026-08-16T05:30:00Z,0.001,,,6345.36,https://kalshi.com/markets/kxzec15m-26aug160130,2026-08-16T19:49:45Z
kalshi,KXZEC15M-26AUG160115-15,ZEC price up in next 15 mins?,Target Price: $486.9499,yes,2026-08-16T05:15:12.349168Z,2026-08-16T05:15:00Z,0.999,,,11016.56,https://kalshi.com/markets/kxzec15m-26aug160115,2026-08-16T19:49:45Z
kalshi,KXZEC15M-26AUG160100-00,ZEC price up in next 15 mins?,Target Price: $486.4025,yes,2026-08-16T05:00:02.344575Z,2026-08-16T05:00:00Z,0.999,,,9561.17,https://kalshi.com/markets/kxzec15m-26aug160100,2026-08-16T19:49:45Z
kalshi,KXZEC15M-26AUG160045-45,ZEC price up in next 15 mins?,Target Price: $486.8435,no,2026-08-16T04:45:12.351868Z,2026-08-16T04:45:00Z,0.001,,,10945.14,https://kalshi.com/markets/kxzec15m-26aug160045,2026-08-16T19:49:45Z
kalshi,KXZEC15M-26AUG160030-30,ZEC price up in next 15 mins?,Target Price: $486.3598,yes,2026-08-16T04:30:02.379446Z,2026-08-16T04:30:00Z,0.999,,,8137.11,https://kalshi.com/markets/kxzec15m-26aug160030,2026-08-16T19:49:45Z
kalshi,KXZEC15M-26AUG160015-15,ZEC price up in next 15 mins?,Target Price: $486.5247,no,2026-08-16T04:15:02.350048Z,2026-08-16T04:15:00Z,0.002,,,7755.17,https://kalshi.com/markets/kxzec15m-26aug160015,2026-08-16T19:49:45Z
kalshi,KXHYPE15M-26AUG161545-45,HYPE price up in next 15 mins?,Target Price: $57.8211,no,2026-08-16T19:45:12.351174Z,2026-08-16T19:45:00Z,0.001,,,12608.48,https://kalshi.com/markets/kxhype15m-26aug161545,2026-08-16T19:49:45Z
kalshi,KXHYPE15M-26AUG161530-30,HYPE price up in next 15 mins?,Target Price: $57.6970,yes,2026-08-16T19:30:02.351023Z,2026-08-16T19:30:00Z,0.999,,,19360.19,https://kalshi.com/markets/kxhype15m-26aug161530,2026-08-16T19:49:45Z
kalshi,KXHYPE15M-26AUG161515-15,HYPE price up in next 15 mins?,Target Price: $57.6249,yes,2026-08-16T19:15:02.34714Z,2026-08-16T19:15:00Z,0.999,,,19293.5,https://kalshi.com/markets/kxhype15m-26aug161515,2026-08-16T19:49:45Z
kalshi,KXHYPE15M-26AUG161500-00,HYPE price up in next 15 mins?,Target Price: $57.6572,no,2026-08-16T19:00:02.353362Z,2026-08-16T19:00:00Z,0.001,,,29838.32,https://kalshi.com/markets/kxhype15m-26aug161500,2026-08-16T19:49:45Z
kalshi,KXHYPE15M-26AUG161445-45,HYPE price up in next 15 mins?,Target Price: $57.6333,yes,2026-08-16T18:45:12.351097Z,2026-08-16T18:45:00Z,0.999,,,25443.09,https://kalshi.com/markets/kxhype15m-26aug161445,2026-08-16T19:49:45Z
kalshi,KXHYPE15M-26AUG161430-30,HYPE price up in next 15 mins?,Target Price: $57.5393,yes,2026-08-16T18:30:02.353962Z,2026-08-16T18:30:00Z,0.999,,,40862.32,https://kalshi.com/markets/kxhype15m-26aug161430,2026-08-16T19:49:45Z
kalshi,KXHYPE15M-26AUG161415-15,HYPE price up in next 15 mins?,Target Price: $57.7031,no,2026-08-16T18:15:12.351651Z,2026-08-16T18:15:00Z,0.001,,,15433.93,https://kalshi.com/markets/kxhype15m-26aug161415,2026-08-16T19:49:45Z
kalshi,KXHYPE15M-26AUG161400-00,HYPE price up in next 15 mins?,Target Price: $57.7896,no,2026-08-16T18:00:02.598Z,2026-08-16T18:00:00Z,0.001,,,22355.75,https://kalshi.com/markets/kxhype15m-26aug161400,2026-08-16T19:49:45Z
kalshi,KXHYPE15M-26AUG161345-45,HYPE price up in next 15 mins?,Target Price: $57.9056,no,2026-08-16T17:45:12.351351Z,2026-08-16T17:45:00Z,0.003,,,56343.82,https://kalshi.com/markets/kxhype15m-26aug161345,2026-08-16T19:49:45Z
kalshi,KXHYPE15M-26AUG161330-30,HYPE price up in next 15 mins?,Target Price: $57.9765,no,2026-08-16T17:30:02.349298Z,2026-08-16T17:30:00Z,0.001,,,19223.44,https://kalshi.com/markets/kxhype15m-26aug161330,2026-08-16T19:49:45Z
kalshi,KXHYPE15M-26AUG161315-15,HYPE price up in next 15 mins?,Target Price: $57.7810,yes,2026-08-16T17:15:12.349296Z,2026-08-16T17:15:00Z,0.999,,,17653.4,https://kalshi.com/markets/kxhype15m-26aug161315,2026-08-16T19:49:45Z
kalshi,KXHYPE15M-26AUG161300-00,HYPE price up in next 15 mins?,Target Price: $57.7645,yes,2026-08-16T17:00:02.356459Z,2026-08-16T17:00:00Z,0.999,,,23756.32,https://kalshi.com/markets/kxhype15m-26aug161300,2026-08-16T19:49:45Z
kalshi,KXHYPE15M-26AUG161245-45,HYPE price up in next 15 mins?,Target Price: $57.6096,yes,2026-08-16T16:45:12.350726Z,2026-08-16T16:45:00Z,0.999,,,11374.31,https://kalshi.com/markets/kxhype15m-26aug161245,2026-08-16T19:49:45Z
kalshi,KXHYPE15M-26AUG161230-30,HYPE price up in next 15 mins?,Target Price: $57.8498,no,2026-08-16T16:30:02.347729Z,2026-08-16T16:30:00Z,0.001,,,23479.47,https://kalshi.com/markets/kxhype15m-26aug161230,2026-08-16T19:49:45Z
kalshi,KXHYPE15M-26AUG161215-15,HYPE price up in next 15 mins?,Target Price: $57.4502,yes,2026-08-16T16:15:02.34888Z,2026-08-16T16:15:00Z,0.999,,,31511.06,https://kalshi.com/markets/kxhype15m-26aug161215,2026-08-16T19:49:45Z
kalshi,KXHYPE15M-26AUG161200-00,HYPE price up in next 15 mins?,Target Price: $57.2632,yes,2026-08-16T16:00:02.449309Z,2026-08-16T16:00:00Z,0.999,,,18399.65,https://kalshi.com/markets/kxhype15m-26aug161200,2026-08-16T19:49:45Z
kalshi,KXHYPE15M-26AUG161145-45,HYPE price up in next 15 mins?,Target Price: $57.3463,no,2026-08-16T15:45:12.346422Z,2026-08-16T15:45:00Z,0.001,,,15995.79,https://kalshi.com/markets/kxhype15m-26aug161145,2026-08-16T19:49:45Z
kalshi,KXHYPE15M-26AUG161130-30,HYPE price up in next 15 mins?,Target Price: $57.2321,yes,2026-08-16T15:30:02.345839Z,2026-08-16T15:30:00Z,0.999,,,14466.01,https://kalshi.com/markets/kxhype15m-26aug161130,2026-08-16T19:49:45Z
kalshi,KXHYPE15M-26AUG161115-15,HYPE price up in next 15 mins?,Target Price: $57.2141,yes,2026-08-16T15:15:02.596051Z,2026-08-16T15:15:00Z,0.999,,,24758.29,https://kalshi.com/markets/kxhype15m-26aug161115,2026-08-16T19:49:45Z
kalshi,KXHYPE15M-26AUG161100-00,HYPE price up in next 15 mins?,Target Price: $57.2686,no,2026-08-16T15:00:02.647548Z,2026-08-16T15:00:00Z,0.001,,,11389.74,https://kalshi.com/markets/kxhype15m-26aug161100,2026-08-16T19:49:45Z
kalshi,KXHYPE15M-26AUG161045-45,HYPE price up in next 15 mins?,Target Price: $57.1526,yes,2026-08-16T14:45:12.349178Z,2026-08-16T14:45:00Z,0.999,,,10352.17,https://kalshi.com/markets/kxhype15m-26aug161045,2026-08-16T19:49:45Z
kalshi,KXHYPE15M-26AUG161030-30,HYPE price up in next 15 mins?,Target Price: $57.1100,yes,2026-08-16T14:30:02.699701Z,2026-08-16T14:30:00Z,0.999,,,15341.47,https://kalshi.com/markets/kxhype15m-26aug161030,2026-08-16T19:49:45Z
kalshi,KXHYPE15M-26AUG161015-15,HYPE price up in next 15 mins?,Target Price: $57.1921,no,2026-08-16T14:15:12.353936Z,2026-08-16T14:15:00Z,0.001,,,14703.47,https://kalshi.com/markets/kxhype15m-26aug161015,2026-08-16T19:49:45Z
kalshi,KXHYPE15M-26AUG161000-00,HYPE price up in next 15 mins?,Target Price: $57.1094,yes,2026-08-16T14:00:02.377803Z,2026-08-16T14:00:00Z,0.999,,,9050.02,https://kalshi.com/markets/kxhype15m-26aug161000,2026-08-16T19:49:45Z
kalshi,KXHYPE15M-26AUG160945-45,HYPE price up in next 15 mins?,Target Price: $57.1652,no,2026-08-16T13:45:12.368923Z,2026-08-16T13:45:00Z,0.001,,,18587.86,https://kalshi.com/markets/kxhype15m-26aug160945,2026-08-16T19:49:45Z
kalshi,KXHYPE15M-26AUG160930-30,HYPE price up in next 15 mins?,Target Price: $57.1921,no,2026-08-16T13:30:02.353597Z,2026-08-16T13:30:00Z,0.001,,,19381.69,https://kalshi.com/markets/kxhype15m-26aug160930,2026-08-16T19:49:45Z
kalshi,KXHYPE15M-26AUG160915-15,HYPE price up in next 15 mins?,Target Price: $57.2038,no,2026-08-16T13:15:02.567752Z,2026-08-16T13:15:00Z,0.001,,,25446.98,https://kalshi.com/markets/kxhype15m-26aug160915,2026-08-16T19:49:45Z
kalshi,KXHYPE15M-26AUG160900-00,HYPE price up in next 15 mins?,Target Price: $57.2184,no,2026-08-16T13:00:02.351305Z,2026-08-16T13:00:00Z,0.001,,,29033.41,https://kalshi.com/markets/kxhype15m-26aug160900,2026-08-16T19:49:45Z
kalshi,KXHYPE15M-26AUG160845-45,HYPE price up in next 15 mins?,Target Price: $57.2161,yes,2026-08-16T12:45:12.366126Z,2026-08-16T12:45:00Z,0.999,,,44402.19,https://kalshi.com/markets/kxhype15m-26aug160845,2026-08-16T19:49:45Z
kalshi,KXHYPE15M-26AUG160830-30,HYPE price up in next 15 mins?,Target Price: $57.2400,no,2026-08-16T12:30:02.346769Z,2026-08-16T12:30:00Z,0.001,,,18582.06,https://kalshi.com/markets/kxhype15m-26aug160830,2026-08-16T19:49:45Z
kalshi,KXHYPE15M-26AUG160815-15,HYPE price up in next 15 mins?,Target Price: $57.3656,no,2026-08-16T12:15:12.346575Z,2026-08-16T12:15:00Z,0.001,,,11327.62,https://kalshi.com/markets/kxhype15m-26aug160815,2026-08-16T19:49:45Z
kalshi,KXHYPE15M-26AUG160800-00,HYPE price up in next 15 mins?,Target Price: $57.3444,yes,2026-08-16T12:00:02.352334Z,2026-08-16T12:00:00Z,0.999,,,13188.44,https://kalshi.com/markets/kxhype15m-26aug160800,2026-08-16T19:49:45Z
kalshi,KXHYPE15M-26AUG160745-45,HYPE price up in next 15 mins?,Target Price: $57.4085,no,2026-08-16T11:45:12.348033Z,2026-08-16T11:45:00Z,0.001,,,10727.91,https://kalshi.com/markets/kxhype15m-26aug160745,2026-08-16T19:49:45Z
kalshi,KXHYPE15M-26AUG160730-30,HYPE price up in next 15 mins?,Target Price: $57.4540,no,2026-08-16T11:30:02.648165Z,2026-08-16T11:30:00Z,0.001,,,9574.74,https://kalshi.com/markets/kxhype15m-26aug160730,2026-08-16T19:49:45Z
kalshi,KXHYPE15M-26AUG160715-15,HYPE price up in next 15 mins?,Target Price: $57.3491,yes,2026-08-16T11:15:02.349573Z,2026-08-16T11:15:00Z,0.999,,,8663.39,https://kalshi.com/markets/kxhype15m-26aug160715,2026-08-16T19:49:45Z
kalshi,KXHYPE15M-26AUG160700-00,HYPE price up in next 15 mins?,Target Price: $57.3521,no,2026-08-16T11:00:02.35043Z,2026-08-16T11:00:00Z,0.001,,,26860.48,https://kalshi.com/markets/kxhype15m-26aug160700,2026-08-16T19:49:45Z
kalshi,KXHYPE15M-26AUG160645-45,HYPE price up in next 15 mins?,Target Price: $57.4527,no,2026-08-16T10:45:12.348936Z,2026-08-16T10:45:00Z,0.001,,,12159.21,https://kalshi.com/markets/kxhype15m-26aug160645,2026-08-16T19:49:45Z
kalshi,KXHYPE15M-26AUG160630-30,HYPE price up in next 15 mins?,Target Price: $57.3361,yes,2026-08-16T10:30:02.346758Z,2026-08-16T10:30:00Z,0.999,,,14532.86,https://kalshi.com/markets/kxhype15m-26aug160630,2026-08-16T19:49:45Z
kalshi,KXHYPE15M-26AUG160615-15,HYPE price up in next 15 mins?,Target Price: $57.4378,no,2026-08-16T10:15:02.343895Z,2026-08-16T10:15:00Z,0.001,,,12534.35,https://kalshi.com/markets/kxhype15m-26aug160615,2026-08-16T19:49:45Z
kalshi,KXHYPE15M-26AUG160600-00,HYPE price up in next 15 mins?,Target Price: $57.3206,yes,2026-08-16T10:00:02.343587Z,2026-08-16T10:00:00Z,0.999,,,12247.67,https://kalshi.com/markets/kxhype15m-26aug160600,2026-08-16T19:49:45Z
kalshi,KXHYPE15M-26AUG160545-45,HYPE price up in next 15 mins?,Target Price: $57.4166,no,2026-08-16T09:45:12.348012Z,2026-08-16T09:45:00Z,0.001,,,12566.59,https://kalshi.com/markets/kxhype15m-26aug160545,2026-08-16T19:49:45Z
kalshi,KXHYPE15M-26AUG160530-30,HYPE price up in next 15 mins?,Target Price: $57.4361,no,2026-08-16T09:30:02.345767Z,2026-08-16T09:30:00Z,0.001,,,23851.33,https://kalshi.com/markets/kxhype15m-26aug160530,2026-08-16T19:49:45Z
kalshi,KXHYPE15M-26AUG160515-15,HYPE price up in next 15 mins?,Target Price: $57.5019,no,2026-08-16T09:15:02.34586Z,2026-08-16T09:15:00Z,0.001,,,15941.6,https://kalshi.com/markets/kxhype15m-26aug160515,2026-08-16T19:49:45Z
kalshi,KXHYPE15M-26AUG160500-00,HYPE price up in next 15 mins?,Target Price: $57.4171,yes,2026-08-16T09:00:02.344298Z,2026-08-16T09:00:00Z,0.999,,,22915.68,https://kalshi.com/markets/kxhype15m-26aug160500,2026-08-16T19:49:45Z
kalshi,KXHYPE15M-26AUG160445-45,HYPE price up in next 15 mins?,Target Price: $57.4094,yes,2026-08-16T08:45:12.350935Z,2026-08-16T08:45:00Z,0.999,,,27786.92,https://kalshi.com/markets/kxhype15m-26aug160445,2026-08-16T19:49:45Z
kalshi,KXHYPE15M-26AUG160430-30,HYPE price up in next 15 mins?,Target Price: $57.3399,yes,2026-08-16T08:30:02.346763Z,2026-08-16T08:30:00Z,0.999,,,17321.6,https://kalshi.com/markets/kxhype15m-26aug160430,2026-08-16T19:49:45Z
kalshi,KXHYPE15M-26AUG160415-15,HYPE price up in next 15 mins?,Target Price: $57.4510,no,2026-08-16T08:15:12.350943Z,2026-08-16T08:15:00Z,0.001,,,19723.21,https://kalshi.com/markets/kxhype15m-26aug160415,2026-08-16T19:49:45Z
kalshi,KXHYPE15M-26AUG160400-00,HYPE price up in next 15 mins?,Target Price: $57.3763,yes,2026-08-16T08:00:02.34463Z,2026-08-16T08:00:00Z,0.999,,,30769.95,https://kalshi.com/markets/kxhype15m-26aug160400,2026-08-16T19:49:45Z
kalshi,KXHYPE15M-26AUG160345-45,HYPE price up in next 15 mins?,Target Price: $57.2308,yes,2026-08-16T07:45:12.368399Z,2026-08-16T07:45:00Z,0.999,,,21095.28,https://kalshi.com/markets/kxhype15m-26aug160345,2026-08-16T19:49:45Z
kalshi,KXHYPE15M-26AUG160330-30,HYPE price up in next 15 mins?,Target Price: $57.1148,yes,2026-08-16T07:30:02.346543Z,2026-08-16T07:30:00Z,0.999,,,38966.04,https://kalshi.com/markets/kxhype15m-26aug160330,2026-08-16T19:49:45Z
kalshi,KXHYPE15M-26AUG160315-15,HYPE price up in next 15 mins?,Target Price: $57.0474,yes,2026-08-16T07:15:02.422432Z,2026-08-16T07:15:00Z,0.999,,,11028.72,https://kalshi.com/markets/kxhype15m-26aug160315,2026-08-16T19:49:45Z
kalshi,KXHYPE15M-26AUG160300-00,HYPE price up in next 15 mins?,Target Price: $57.0452,yes,2026-08-16T07:00:02.350842Z,2026-08-16T07:00:00Z,0.999,,,30205.39,https://kalshi.com/markets/kxhype15m-26aug160300,2026-08-16T19:49:45Z
kalshi,KXHYPE15M-26AUG160245-45,HYPE price up in next 15 mins?,Target Price: $56.8513,yes,2026-08-16T06:45:02.34455Z,2026-08-16T06:45:00Z,0.999,,,19162.52,https://kalshi.com/markets/kxhype15m-26aug160245,2026-08-16T19:49:45Z
kalshi,KXHYPE15M-26AUG160230-30,HYPE price up in next 15 mins?,Target Price: $57.0460,no,2026-08-16T06:30:02.347743Z,2026-08-16T06:30:00Z,0.001,,,22966.9,https://kalshi.com/markets/kxhype15m-26aug160230,2026-08-16T19:49:45Z
kalshi,KXHYPE15M-26AUG160215-15,HYPE price up in next 15 mins?,Target Price: $56.8737,yes,2026-08-16T06:15:12.347386Z,2026-08-16T06:15:00Z,0.999,,,23568.69,https://kalshi.com/markets/kxhype15m-26aug160215,2026-08-16T19:49:45Z
kalshi,KXHYPE15M-26AUG160200-00,HYPE price up in next 15 mins?,Target Price: $57.0090,no,2026-08-16T06:00:02.355688Z,2026-08-16T06:00:00Z,0.001,,,16422.32,https://kalshi.com/markets/kxhype15m-26aug160200,2026-08-16T19:49:45Z
kalshi,KXHYPE15M-26AUG160145-45,HYPE price up in next 15 mins?,Target Price: $56.9917,yes,2026-08-16T05:45:12.34944Z,2026-08-16T05:45:00Z,0.95,,,23563.31,https://kalshi.com/markets/kxhype15m-26aug160145,2026-08-16T19:49:45Z
kalshi,KXHYPE15M-26AUG160130-30,HYPE price up in next 15 mins?,Target Price: $57.1689,no,2026-08-16T05:30:02.349915Z,2026-08-16T05:30:00Z,0.001,,,14366.59,https://kalshi.com/markets/kxhype15m-26aug160130,2026-08-16T19:49:45Z
kalshi,KXHYPE15M-26AUG160115-15,HYPE price up in next 15 mins?,Target Price: $57.0834,yes,2026-08-16T05:15:12.382774Z,2026-08-16T05:15:00Z,0.999,,,30181.2,https://kalshi.com/markets/kxhype15m-26aug160115,2026-08-16T19:49:45Z
kalshi,KXHYPE15M-26AUG160100-00,HYPE price up in next 15 mins?,Target Price: $57.0556,yes,2026-08-16T05:00:02.382618Z,2026-08-16T05:00:00Z,0.999,,,35839.36,https://kalshi.com/markets/kxhype15m-26aug160100,2026-08-16T19:49:45Z
kalshi,KXHYPE15M-26AUG160045-45,HYPE price up in next 15 mins?,Target Price: $56.9696,yes,2026-08-16T04:45:12.353046Z,2026-08-16T04:45:00Z,0.998,,,64307.37,https://kalshi.com/markets/kxhype15m-26aug160045,2026-08-16T19:49:45Z
kalshi,KXHYPE15M-26AUG160030-30,HYPE price up in next 15 mins?,Target Price: $56.9411,yes,2026-08-16T04:30:02.383602Z,2026-08-16T04:30:00Z,0.999,,,38199.21,https://kalshi.com/markets/kxhype15m-26aug160030,2026-08-16T19:49:45Z
kalshi,KXHYPE15M-26AUG160015-15,HYPE price up in next 15 mins?,Target Price: $56.9205,yes,2026-08-16T04:15:02.355186Z,2026-08-16T04:15:00Z,0.999,,,26020.04,https://kalshi.com/markets/kxhype15m-26aug160015,2026-08-16T19:49:45Z
kalshi,KXDOGE15M-26AUG161545-45,DOGE price up in next 15 mins?,Target Price: $0.0699647,no,2026-08-16T19:45:12.356436Z,2026-08-16T19:45:00Z,0.001,,,15305.53,https://kalshi.com/markets/kxdoge15m-26aug161545,2026-08-16T19:49:45Z
kalshi,KXDOGE15M-26AUG161530-30,DOGE price up in next 15 mins?,Target Price: $0.0699434,yes,2026-08-16T19:30:02.347957Z,2026-08-16T19:30:00Z,0.999,,,22476.93,https://kalshi.com/markets/kxdoge15m-26aug161530,2026-08-16T19:49:45Z
kalshi,KXDOGE15M-26AUG161515-15,DOGE price up in next 15 mins?,Target Price: $0.0699224,yes,2026-08-16T19:15:02.353917Z,2026-08-16T19:15:00Z,0.999,,,33276.77,https://kalshi.com/markets/kxdoge15m-26aug161515,2026-08-16T19:49:45Z
kalshi,KXDOGE15M-26AUG161500-00,DOGE price up in next 15 mins?,Target Price: $0.0699154,yes,2026-08-16T19:00:02.357283Z,2026-08-16T19:00:00Z,0.999,,,20809.13,https://kalshi.com/markets/kxdoge15m-26aug161500,2026-08-16T19:49:45Z
kalshi,KXDOGE15M-26AUG161445-45,DOGE price up in next 15 mins?,Target Price: $0.0698500,yes,2026-08-16T18:45:12.350366Z,2026-08-16T18:45:00Z,0.999,,,13871.89,https://kalshi.com/markets/kxdoge15m-26aug161445,2026-08-16T19:49:45Z
kalshi,KXDOGE15M-26AUG161430-30,DOGE price up in next 15 mins?,Target Price: $0.0699035,no,2026-08-16T18:30:02.351185Z,2026-08-16T18:30:00Z,0.001,,,24269.04,https://kalshi.com/markets/kxdoge15m-26aug161430,2026-08-16T19:49:45Z
kalshi,KXDOGE15M-26AUG161415-15,DOGE price up in next 15 mins?,Target Price: $0.0699406,no,2026-08-16T18:15:12.349239Z,2026-08-16T18:15:00Z,0.001,,,16481.63,https://kalshi.com/markets/kxdoge15m-26aug161415,2026-08-16T19:49:45Z
kalshi,KXDOGE15M-26AUG161400-00,DOGE price up in next 15 mins?,Target Price: $0.0699354,yes,2026-08-16T18:00:02.603281Z,2026-08-16T18:00:00Z,0.999,,,19611.11,https://kalshi.com/markets/kxdoge15m-26aug161400,2026-08-16T19:49:45Z
kalshi,KXDOGE15M-26AUG161345-45,DOGE price up in next 15 mins?,Target Price: $0.0699381,no,2026-08-16T17:45:12.38608Z,2026-08-16T17:45:00Z,0.008,,,39688.73,https://kalshi.com/markets/kxdoge15m-26aug161345,2026-08-16T19:49:45Z
kalshi,KXDOGE15M-26AUG161330-30,DOGE price up in next 15 mins?,Target Price: $0.0699727,no,2026-08-16T17:30:02.351594Z,2026-08-16T17:30:00Z,0.001,,,15032.02,https://kalshi.com/markets/kxdoge15m-26aug161330,2026-08-16T19:49:45Z
kalshi,KXDOGE15M-26AUG161315-15,DOGE price up in next 15 mins?,Target Price: $0.0699735,no,2026-08-16T17:15:12.353748Z,2026-08-16T17:15:00Z,0.001,,,41837.52,https://kalshi.com/markets/kxdoge15m-26aug161315,2026-08-16T19:49:45Z
kalshi,KXDOGE15M-26AUG161300-00,DOGE price up in next 15 mins?,Target Price: $0.0699431,yes,2026-08-16T17:00:02.357253Z,2026-08-16T17:00:00Z,0.999,,,21726.7,https://kalshi.com/markets/kxdoge15m-26aug161300,2026-08-16T19:49:45Z
kalshi,KXDOGE15M-26AUG161245-45,DOGE price up in next 15 mins?,Target Price: $0.0699746,no,2026-08-16T16:45:12.355532Z,2026-08-16T16:45:00Z,0.001,,,19541.32,https://kalshi.com/markets/kxdoge15m-26aug161245,2026-08-16T19:49:45Z
kalshi,KXDOGE15M-26AUG161230-30,DOGE price up in next 15 mins?,Target Price: $0.0700127,no,2026-08-16T16:30:02.374514Z,2026-08-16T16:30:00Z,0.001,,,53612.52,https://kalshi.com/markets/kxdoge15m-26aug161230,2026-08-16T19:49:45Z
kalshi,KXDOGE15M-26AUG161215-15,DOGE price up in next 15 mins?,Target Price: $0.0699834,yes,2026-08-16T16:15:02.354352Z,2026-08-16T16:15:00Z,0.999,,,36287.41,https://kalshi.com/markets/kxdoge15m-26aug161215,2026-08-16T19:49:45Z
kalshi,KXDOGE15M-26AUG161200-00,DOGE price up in next 15 mins?,Target Price: $0.0699424,yes,2026-08-16T16:00:02.450399Z,2026-08-16T16:00:00Z,0.999,,,24769.02,https://kalshi.com/markets/kxdoge15m-26aug161200,2026-08-16T19:49:45Z
kalshi,KXDOGE15M-26AUG161145-45,DOGE price up in next 15 mins?,Target Price: $0.0699700,no,2026-08-16T15:45:12.375693Z,2026-08-16T15:45:00Z,0.001,,,23942.14,https://kalshi.com/markets/kxdoge15m-26aug161145,2026-08-16T19:49:45Z
kalshi,KXDOGE15M-26AUG161130-30,DOGE price up in next 15 mins?,Target Price: $0.0699899,no,2026-08-16T15:30:02.351507Z,2026-08-16T15:30:00Z,0.001,,,19988.19,https://kalshi.com/markets/kxdoge15m-26aug161130,2026-08-16T19:49:45Z
kalshi,KXDOGE15M-26AUG161115-15,DOGE price up in next 15 mins?,Target Price: $0.0699829,yes,2026-08-16T15:15:02.598191Z,2026-08-16T15:15:00Z,0.999,,,14941.08,https://kalshi.com/markets/kxdoge15m-26aug161115,2026-08-16T19:49:45Z
kalshi,KXDOGE15M-26AUG161100-00,DOGE price up in next 15 mins?,Target Price: $0.0699633,yes,2026-08-16T15:00:02.6534Z,2026-08-16T15:00:00Z,0.999,,,22357.86,https://kalshi.com/markets/kxdoge15m-26aug161100,2026-08-16T19:49:45Z
kalshi,KXDOGE15M-26AUG161045-45,DOGE price up in next 15 mins?,Target Price: $0.0699425,yes,2026-08-16T14:45:12.350559Z,2026-08-16T14:45:00Z,0.999,,,12156.44,https://kalshi.com/markets/kxdoge15m-26aug161045,2026-08-16T19:49:45Z
kalshi,KXDOGE15M-26AUG161030-30,DOGE price up in next 15 mins?,Target Price: $0.0698457,yes,2026-08-16T14:30:02.702509Z,2026-08-16T14:30:00Z,0.999,,,15643.49,https://kalshi.com/markets/kxdoge15m-26aug161030,2026-08-16T19:49:45Z
kalshi,KXDOGE15M-26AUG161015-15,DOGE price up in next 15 mins?,Target Price: $0.0698645,no,2026-08-16T14:15:12.356993Z,2026-08-16T14:15:00Z,0.001,,,16332.72,https://kalshi.com/markets/kxdoge15m-26aug161015,2026-08-16T19:49:45Z
kalshi,KXDOGE15M-26AUG161000-00,DOGE price up in next 15 mins?,Target Price: $0.0698771,no,2026-08-16T14:00:02.373526Z,2026-08-16T14:00:00Z,0.001,,,13465.9,https://kalshi.com/markets/kxdoge15m-26aug161000,2026-08-16T19:49:45Z
kalshi,KXDOGE15M-26AUG160945-45,DOGE price up in next 15 mins?,Target Price: $0.0699140,no,2026-08-16T13:45:12.3685Z,2026-08-16T13:45:00Z,0.001,,,9341.45,https://kalshi.com/markets/kxdoge15m-26aug160945,2026-08-16T19:49:45Z
kalshi,KXDOGE15M-26AUG160930-30,DOGE price up in next 15 mins?,Target Price: $0.0698882,yes,2026-08-16T13:30:02.350608Z,2026-08-16T13:30:00Z,0.999,,,9920.15,https://kalshi.com/markets/kxdoge15m-26aug160930,2026-08-16T19:49:45Z
kalshi,KXDOGE15M-26AUG160915-15,DOGE price up in next 15 mins?,Target Price: $0.0698405,yes,2026-08-16T13:15:02.567403Z,2026-08-16T13:15:00Z,0.999,,,9128.11,https://kalshi.com/markets/kxdoge15m-26aug160915,2026-08-16T19:49:45Z
kalshi,KXDOGE15M-26AUG160900-00,DOGE price up in next 15 mins?,Target Price: $0.0697530,yes,2026-08-16T13:00:02.350856Z,2026-08-16T13:00:00Z,0.999,,,8700.06,https://kalshi.com/markets/kxdoge15m-26aug160900,2026-08-16T19:49:45Z
kalshi,KXDOGE15M-26AUG160845-45,DOGE price up in next 15 mins?,Target Price: $0.0697799,no,2026-08-16T12:45:12.350989Z,2026-08-16T12:45:00Z,0.001,,,14255.6,https://kalshi.com/markets/kxdoge15m-26aug160845,2026-08-16T19:49:45Z
kalshi,KXDOGE15M-26AUG160830-30,DOGE price up in next 15 mins?,Target Price: $0.0697042,yes,2026-08-16T12:30:02.346447Z,2026-08-16T12:30:00Z,0.999,,,8374.13,https://kalshi.com/markets/kxdoge15m-26aug160830,2026-08-16T19:49:45Z
kalshi,KXDOGE15M-26AUG160815-15,DOGE price up in next 15 mins?,Target Price: $0.0697759,no,2026-08-16T12:15:12.346038Z,2026-08-16T12:15:00Z,0.001,,,9345.8,https://kalshi.com/markets/kxdoge15m-26aug160815,2026-08-16T19:49:45Z
kalshi,KXDOGE15M-26AUG160800-00,DOGE price up in next 15 mins?,Target Price: $0.0697620,yes,2026-08-16T12:00:02.366761Z,2026-08-16T12:00:00Z,0.999,,,10973.92,https://kalshi.com/markets/kxdoge15m-26aug160800,2026-08-16T19:49:45Z
kalshi,KXDOGE15M-26AUG160745-45,DOGE price up in next 15 mins?,Target Price: $0.0697342,yes,2026-08-16T11:45:12.348718Z,2026-08-16T11:45:00Z,0.999,,,10579.38,https://kalshi.com/markets/kxdoge15m-26aug160745,2026-08-16T19:49:45Z
kalshi,KXDOGE15M-26AUG160730-30,DOGE price up in next 15 mins?,Target Price: $0.0697338,yes,2026-08-16T11:30:02.663249Z,2026-08-16T11:30:00Z,0.999,,,13806.7,https://kalshi.com/markets/kxdoge15m-26aug160730,2026-08-16T19:49:45Z
kalshi,KXDOGE15M-26AUG160715-15,DOGE price up in next 15 mins?,Target Price: $0.0697022,yes,2026-08-16T11:15:02.348853Z,2026-08-16T11:15:00Z,0.999,,,5121.28,https://kalshi.com/markets/kxdoge15m-26aug160715,2026-08-16T19:49:45Z
kalshi,KXDOGE15M-26AUG160700-00,DOGE price up in next 15 mins?,Target Price: $0.0697029,no,2026-08-16T11:00:02.350064Z,2026-08-16T11:00:00Z,0.069,,,19250.02,https://kalshi.com/markets/kxdoge15m-26aug160700,2026-08-16T19:49:45Z
kalshi,KXDOGE15M-26AUG160645-45,DOGE price up in next 15 mins?,Target Price: $0.0696964,yes,2026-08-16T10:45:12.361404Z,2026-08-16T10:45:00Z,0.999,,,9157.59,https://kalshi.com/markets/kxdoge15m-26aug160645,2026-08-16T19:49:45Z
kalshi,KXDOGE15M-26AUG160630-30,DOGE price up in next 15 mins?,Target Price: $0.0696772,yes,2026-08-16T10:30:02.348913Z,2026-08-16T10:30:00Z,0.999,,,17504.86,https://kalshi.com/markets/kxdoge15m-26aug160630,2026-08-16T19:49:45Z
kalshi,KXDOGE15M-26AUG160615-15,DOGE price up in next 15 mins?,Target Price: $0.0697244,no,2026-08-16T10:15:02.345962Z,2026-08-16T10:15:00Z,0.001,,,7780.84,https://kalshi.com/markets/kxdoge15m-26aug160615,2026-08-16T19:49:45Z
kalshi,KXDOGE15M-26AUG160600-00,DOGE price up in next 15 mins?,Target Price: $0.0696927,yes,2026-08-16T10:00:02.346668Z,2026-08-16T10:00:00Z,0.999,,,6244.06,https://kalshi.com/markets/kxdoge15m-26aug160600,2026-08-16T19:49:45Z
kalshi,KXDOGE15M-26AUG160545-45,DOGE price up in next 15 mins?,Target Price: $0.0697590,no,2026-08-16T09:45:12.347483Z,2026-08-16T09:45:00Z,0.001,,,8653.82,https://kalshi.com/markets/kxdoge15m-26aug160545,2026-08-16T19:49:45Z
kalshi,KXDOGE15M-26AUG160530-30,DOGE price up in next 15 mins?,Target Price: $0.0698011,no,2026-08-16T09:30:02.343656Z,2026-08-16T09:30:00Z,0.001,,,22214.53,https://kalshi.com/markets/kxdoge15m-26aug160530,2026-08-16T19:49:45Z
kalshi,KXDOGE15M-26AUG160515-15,DOGE price up in next 15 mins?,Target Price: $0.0697939,yes,2026-08-16T09:15:12.35989Z,2026-08-16T09:15:00Z,0.999,,,8340.08,https://kalshi.com/markets/kxdoge15m-26aug160515,2026-08-16T19:49:45Z
kalshi,KXDOGE15M-26AUG160500-00,DOGE price up in next 15 mins?,Target Price: $0.0697858,yes,2026-08-16T09:00:02.347789Z,2026-08-16T09:00:00Z,0.999,,,7148.11,https://kalshi.com/markets/kxdoge15m-26aug160500,2026-08-16T19:49:45Z
kalshi,KXDOGE15M-26AUG160445-45,DOGE price up in next 15 mins?,Target Price: $0.0698322,no,2026-08-16T08:45:12.350199Z,2026-08-16T08:45:00Z,0.001,,,10275.06,https://kalshi.com/markets/kxdoge15m-26aug160445,2026-08-16T19:49:45Z
kalshi,KXDOGE15M-26AUG160430-30,DOGE price up in next 15 mins?,Target Price: $0.0698080,yes,2026-08-16T08:30:02.345925Z,2026-08-16T08:30:00Z,0.999,,,13774.65,https://kalshi.com/markets/kxdoge15m-26aug160430,2026-08-16T19:49:45Z
kalshi,KXDOGE15M-26AUG160415-15,DOGE price up in next 15 mins?,Target Price: $0.0698012,yes,2026-08-16T08:15:12.349345Z,2026-08-16T08:15:00Z,0.999,,,14568.16,https://kalshi.com/markets/kxdoge15m-26aug160415,2026-08-16T19:49:45Z
kalshi,KXDOGE15M-26AUG160400-00,DOGE price up in next 15 mins?,Target Price: $0.0697364,yes,2026-08-16T08:00:02.347895Z,2026-08-16T08:00:00Z,0.999,,,14397.43,https://kalshi.com/markets/kxdoge15m-26aug160400,2026-08-16T19:49:45Z
kalshi,KXDOGE15M-26AUG160345-45,DOGE price up in next 15 mins?,Target Price: $0.0697601,no,2026-08-16T07:45:12.348522Z,2026-08-16T07:45:00Z,0.001,,,12956.79,https://kalshi.com/markets/kxdoge15m-26aug160345,2026-08-16T19:49:45Z
kalshi,KXDOGE15M-26AUG160330-30,DOGE price up in next 15 mins?,Target Price: $0.0697414,yes,2026-08-16T07:30:02.34906Z,2026-08-16T07:30:00Z,0.999,,,13690.65,https://kalshi.com/markets/kxdoge15m-26aug160330,2026-08-16T19:49:45Z
kalshi,KXDOGE15M-26AUG160315-15,DOGE price up in next 15 mins?,Target Price: $0.0696496,yes,2026-08-16T07:15:02.402234Z,2026-08-16T07:15:00Z,0.999,,,11640.42,https://kalshi.com/markets/kxdoge15m-26aug160315,2026-08-16T19:49:45Z
kalshi,KXDOGE15M-26AUG160300-00,DOGE price up in next 15 mins?,Target Price: $0.0696342,yes,2026-08-16T07:00:02.351596Z,2026-08-16T07:00:00Z,0.999,,,13344.31,https://kalshi.com/markets/kxdoge15m-26aug160300,2026-08-16T19:49:45Z
kalshi,KXDOGE15M-26AUG160245-45,DOGE price up in next 15 mins?,Target Price: $0.0695874,yes,2026-08-16T06:45:12.350136Z,2026-08-16T06:45:00Z,0.999,,,14153.31,https://kalshi.com/markets/kxdoge15m-26aug160245,2026-08-16T19:49:45Z
kalshi,KXDOGE15M-26AUG160230-30,DOGE price up in next 15 mins?,Target Price: $0.0696479,no,2026-08-16T06:30:02.348908Z,2026-08-16T06:30:00Z,0.001,,,18311.74,https://kalshi.com/markets/kxdoge15m-26aug160230,2026-08-16T19:49:45Z
kalshi,KXDOGE15M-26AUG160215-15,DOGE price up in next 15 mins?,Target Price: $0.0696316,yes,2026-08-16T06:15:12.348667Z,2026-08-16T06:15:00Z,0.999,,,10408.15,https://kalshi.com/markets/kxdoge15m-26aug160215,2026-08-16T19:49:45Z
kalshi,KXDOGE15M-26AUG160200-00,DOGE price up in next 15 mins?,Target Price: $0.0696567,no,2026-08-16T06:00:02.350646Z,2026-08-16T06:00:00Z,0.001,,,15541.24,https://kalshi.com/markets/kxdoge15m-26aug160200,2026-08-16T19:49:45Z
kalshi,KXDOGE15M-26AUG160145-45,DOGE price up in next 15 mins?,Target Price: $0.0696504,yes,2026-08-16T05:45:12.350666Z,2026-08-16T05:45:00Z,0.999,,,22237.27,https://kalshi.com/markets/kxdoge15m-26aug160145,2026-08-16T19:49:45Z
kalshi,KXDOGE15M-26AUG160130-30,DOGE price up in next 15 mins?,Target Price: $0.0697413,no,2026-08-16T05:30:02.352151Z,2026-08-16T05:30:00Z,0.002,,,24060.26,https://kalshi.com/markets/kxdoge15m-26aug160130,2026-08-16T19:49:45Z
kalshi,KXDOGE15M-26AUG160115-15,DOGE price up in next 15 mins?,Target Price: $0.0697415,no,2026-08-16T05:15:12.383467Z,2026-08-16T05:15:00Z,0.03,,,31951.74,https://kalshi.com/markets/kxdoge15m-26aug160115,2026-08-16T19:49:45Z
kalshi,KXDOGE15M-26AUG160100-00,DOGE price up in next 15 mins?,Target Price: $0.0697787,no,2026-08-16T05:00:02.348754Z,2026-08-16T05:00:00Z,0.001,,,19468.76,https://kalshi.com/markets/kxdoge15m-26aug160100,2026-08-16T19:49:45Z
kalshi,KXDOGE15M-26AUG160045-45,DOGE price up in next 15 mins?,Target Price: $0.0698318,no,2026-08-16T04:45:12.356219Z,2026-08-16T04:45:00Z,0.002,,,18147.58,https://kalshi.com/markets/kxdoge15m-26aug160045,2026-08-16T19:49:45Z
kalshi,KXDOGE15M-26AUG160030-30,DOGE price up in next 15 mins?,Target Price: $0.0697546,yes,2026-08-16T04:30:02.380994Z,2026-08-16T04:30:00Z,0.999,,,22804.92,https://kalshi.com/markets/kxdoge15m-26aug160030,2026-08-16T19:49:45Z
kalshi,KXDOGE15M-26AUG160015-15,DOGE price up in next 15 mins?,Target Price: $0.0697655,no,2026-08-16T04:15:02.353088Z,2026-08-16T04:15:00Z,0.001,,,16679.27,https://kalshi.com/markets/kxdoge15m-26aug160015,2026-08-16T19:49:45Z
kalshi,KXBNB15M-26AUG161545-45,BNB price up in next 15 mins?,Target Price: $605.38,yes,2026-08-16T19:45:12.354887Z,2026-08-16T19:45:00Z,0.999,,,11867.3,https://kalshi.com/markets/kxbnb15m-26aug161545,2026-08-16T19:49:45Z
kalshi,KXBNB15M-26AUG161530-30,BNB price up in next 15 mins?,Target Price: $604.88,yes,2026-08-16T19:30:02.349047Z,2026-08-16T19:30:00Z,0.998,,,22439.54,https://kalshi.com/markets/kxbnb15m-26aug161530,2026-08-16T19:49:45Z
kalshi,KXBNB15M-26AUG161515-15,BNB price up in next 15 mins?,Target Price: $604.82,yes,2026-08-16T19:15:02.3818Z,2026-08-16T19:15:00Z,0.992,,,61968.51,https://kalshi.com/markets/kxbnb15m-26aug161515,2026-08-16T19:49:45Z
kalshi,KXBNB15M-26AUG161500-00,BNB price up in next 15 mins?,Target Price: $605.22,no,2026-08-16T19:00:02.354575Z,2026-08-16T19:00:00Z,0.001,,,11190.32,https://kalshi.com/markets/kxbnb15m-26aug161500,2026-08-16T19:49:45Z
kalshi,KXBNB15M-26AUG161445-45,BNB price up in next 15 mins?,Target Price: $605.18,yes,2026-08-16T18:45:12.388157Z,2026-08-16T18:45:00Z,0.999,,,33010.76,https://kalshi.com/markets/kxbnb15m-26aug161445,2026-08-16T19:49:45Z
kalshi,KXBNB15M-26AUG161430-30,BNB price up in next 15 mins?,Target Price: $605.76,no,2026-08-16T18:30:02.350044Z,2026-08-16T18:30:00Z,0.001,,,9163.29,https://kalshi.com/markets/kxbnb15m-26aug161430,2026-08-16T19:49:45Z
kalshi,KXBNB15M-26AUG161415-15,BNB price up in next 15 mins?,Target Price: $605.68,yes,2026-08-16T18:15:12.354613Z,2026-08-16T18:15:00Z,0.999,,,39695.01,https://kalshi.com/markets/kxbnb15m-26aug161415,2026-08-16T19:49:45Z
kalshi,KXBNB15M-26AUG161400-00,BNB price up in next 15 mins?,Target Price: $605.80,no,2026-08-16T18:00:02.602023Z,2026-08-16T18:00:00Z,0.003,,,23117.97,https://kalshi.com/markets/kxbnb15m-26aug161400,2026-08-16T19:49:45Z
kalshi,KXBNB15M-26AUG161345-45,BNB price up in next 15 mins?,Target Price: $606.50,no,2026-08-16T17:45:12.34591Z,2026-08-16T17:45:00Z,0.002,,,8270.93,https://kalshi.com/markets/kxbnb15m-26aug161345,2026-08-16T19:49:45Z
kalshi,KXBNB15M-26AUG161330-30,BNB price up in next 15 mins?,Target Price: $606.83,no,2026-08-16T17:30:02.354327Z,2026-08-16T17:30:00Z,0.001,,,27104.41,https://kalshi.com/markets/kxbnb15m-26aug161330,2026-08-16T19:49:45Z
kalshi,KXBNB15M-26AUG161315-15,BNB price up in next 15 mins?,Target Price: $606.80,yes,2026-08-16T17:15:12.355869Z,2026-08-16T17:15:00Z,0.999,,,44971.0,https://kalshi.com/markets/kxbnb15m-26aug161315,2026-08-16T19:49:45Z
kalshi,KXBNB15M-26AUG161300-00,BNB price up in next 15 mins?,Target Price: $606.75,yes,2026-08-16T17:00:02.358002Z,2026-08-16T17:00:00Z,0.991,,,25689.96,https://kalshi.com/markets/kxbnb15m-26aug161300,2026-08-16T19:49:45Z
kalshi,KXBNB15M-26AUG161245-45,BNB price up in next 15 mins?,Target Price: $607.09,no,2026-08-16T16:45:12.349976Z,2026-08-16T16:45:00Z,0.004,,,20777.46,https://kalshi.com/markets/kxbnb15m-26aug161245,2026-08-16T19:49:45Z
kalshi,KXBNB15M-26AUG161230-30,BNB price up in next 15 mins?,Target Price: $606.70,yes,2026-08-16T16:30:02.346821Z,2026-08-16T16:30:00Z,0.997,,,15686.89,https://kalshi.com/markets/kxbnb15m-26aug161230,2026-08-16T19:49:45Z
kalshi,KXBNB15M-26AUG161215-15,BNB price up in next 15 mins?,Target Price: $606.74,no,2026-08-16T16:15:02.355239Z,2026-08-16T16:15:00Z,0.004,,,25841.52,https://kalshi.com/markets/kxbnb15m-26aug161215,2026-08-16T19:49:45Z
kalshi,KXBNB15M-26AUG161200-00,BNB price up in next 15 mins?,Target Price: $606.51,yes,2026-08-16T16:00:02.455589Z,2026-08-16T16:00:00Z,0.999,,,8055.46,https://kalshi.com/markets/kxbnb15m-26aug161200,2026-08-16T19:49:45Z
kalshi,KXBNB15M-26AUG161145-45,BNB price up in next 15 mins?,Target Price: $607.10,no,2026-08-16T15:45:12.347063Z,2026-08-16T15:45:00Z,0.001,,,10852.89,https://kalshi.com/markets/kxbnb15m-26aug161145,2026-08-16T19:49:45Z
kalshi,KXBNB15M-26AUG161130-30,BNB price up in next 15 mins?,Target Price: $607.25,no,2026-08-16T15:30:02.350168Z,2026-08-16T15:30:00Z,0.001,,,7578.13,https://kalshi.com/markets/kxbnb15m-26aug161130,2026-08-16T19:49:45Z
kalshi,KXBNB15M-26AUG161115-15,BNB price up in next 15 mins?,Target Price: $607.13,yes,2026-08-16T15:15:02.595307Z,2026-08-16T15:15:00Z,0.999,,,15421.79,https://kalshi.com/markets/kxbnb15m-26aug161115,2026-08-16T19:49:45Z
kalshi,KXBNB15M-26AUG161100-00,BNB price up in next 15 mins?,Target Price: $607.03,yes,2026-08-16T15:00:02.646231Z,2026-08-16T15:00:00Z,0.999,,,5665.9,https://kalshi.com/markets/kxbnb15m-26aug161100,2026-08-16T19:49:45Z
kalshi,KXBNB15M-26AUG161045-45,BNB price up in next 15 mins?,Target Price: $607.58,no,2026-08-16T14:45:12.34852Z,2026-08-16T14:45:00Z,0.002,,,7495.39,https://kalshi.com/markets/kxbnb15m-26aug161045,2026-08-16T19:49:45Z
kalshi,KXBNB15M-26AUG161030-30,BNB price up in next 15 mins?,Target Price: $606.97,yes,2026-08-16T14:30:02.701407Z,2026-08-16T14:30:00Z,0.999,,,9183.37,https://kalshi.com/markets/kxbnb15m-26aug161030,2026-08-16T19:49:45Z
kalshi,KXBNB15M-26AUG161015-15,BNB price up in next 15 mins?,Target Price: $606.91,yes,2026-08-16T14:15:12.357352Z,2026-08-16T14:15:00Z,0.999,,,9358.46,https://kalshi.com/markets/kxbnb15m-26aug161015,2026-08-16T19:49:45Z
kalshi,KXBNB15M-26AUG161000-00,BNB price up in next 15 mins?,Target Price: $607.36,no,2026-08-16T14:00:02.378125Z,2026-08-16T14:00:00Z,0.001,,,6633.09,https://kalshi.com/markets/kxbnb15m-26aug161000,2026-08-16T19:49:45Z
kalshi,KXBNB15M-26AUG160945-45,BNB price up in next 15 mins?,Target Price: $607.34,yes,2026-08-16T13:45:12.37056Z,2026-08-16T13:45:00Z,0.999,,,10962.45,https://kalshi.com/markets/kxbnb15m-26aug160945,2026-08-16T19:49:45Z
kalshi,KXBNB15M-26AUG160930-30,BNB price up in next 15 mins?,Target Price: $607.46,no,2026-08-16T13:30:02.350085Z,2026-08-16T13:30:00Z,0.008,,,12220.53,https://kalshi.com/markets/kxbnb15m-26aug160930,2026-08-16T19:49:45Z
kalshi,KXBNB15M-26AUG160915-15,BNB price up in next 15 mins?,Target Price: $606.70,yes,2026-08-16T13:15:02.549175Z,2026-08-16T13:15:00Z,0.999,,,5622.87,https://kalshi.com/markets/kxbnb15m-26aug160915,2026-08-16T19:49:45Z
kalshi,KXBNB15M-26AUG160900-00,BNB price up in next 15 mins?,Target Price: $606.33,yes,2026-08-16T13:00:02.349358Z,2026-08-16T13:00:00Z,0.999,,,5175.94,https://kalshi.com/markets/kxbnb15m-26aug160900,2026-08-16T19:49:45Z
kalshi,KXBNB15M-26AUG160845-45,BNB price up in next 15 mins?,Target Price: $606.41,no,2026-08-16T12:45:12.365336Z,2026-08-16T12:45:00Z,0.005,,,9355.7,https://kalshi.com/markets/kxbnb15m-26aug160845,2026-08-16T19:49:45Z
kalshi,KXBNB15M-26AUG160830-30,BNB price up in next 15 mins?,Target Price: $606.81,no,2026-08-16T12:30:02.34725Z,2026-08-16T12:30:00Z,0.001,,,6442.37,https://kalshi.com/markets/kxbnb15m-26aug160830,2026-08-16T19:49:45Z
kalshi,KXBNB15M-26AUG160815-15,BNB price up in next 15 mins?,Target Price: $606.33,yes,2026-08-16T12:15:12.345326Z,2026-08-16T12:15:00Z,0.999,,,4903.65,https://kalshi.com/markets/kxbnb15m-26aug160815,2026-08-16T19:49:45Z
kalshi,KXBNB15M-26AUG160800-00,BNB price up in next 15 mins?,Target Price: $606.39,no,2026-08-16T12:00:02.354249Z,2026-08-16T12:00:00Z,0.001,,,19027.7,https://kalshi.com/markets/kxbnb15m-26aug160800,2026-08-16T19:49:45Z
kalshi,KXBNB15M-26AUG160745-45,BNB price up in next 15 mins?,Target Price: $605.93,yes,2026-08-16T11:45:12.346644Z,2026-08-16T11:45:00Z,0.999,,,6548.78,https://kalshi.com/markets/kxbnb15m-26aug160745,2026-08-16T19:49:45Z
kalshi,KXBNB15M-26AUG160730-30,BNB price up in next 15 mins?,Target Price: $606.02,no,2026-08-16T11:30:02.649732Z,2026-08-16T11:30:00Z,0.001,,,17245.68,https://kalshi.com/markets/kxbnb15m-26aug160730,2026-08-16T19:49:45Z
kalshi,KXBNB15M-26AUG160715-15,BNB price up in next 15 mins?,Target Price: $606.09,no,2026-08-16T11:15:02.346778Z,2026-08-16T11:15:00Z,0.01,,,7397.15,https://kalshi.com/markets/kxbnb15m-26aug160715,2026-08-16T19:49:45Z
kalshi,KXBNB15M-26AUG160700-00,BNB price up in next 15 mins?,Target Price: $605.93,yes,2026-08-16T11:00:02.345288Z,2026-08-16T11:00:00Z,0.999,,,4451.82,https://kalshi.com/markets/kxbnb15m-26aug160700,2026-08-16T19:49:45Z
kalshi,KXBNB15M-26AUG160645-45,BNB price up in next 15 mins?,Target Price: $606.21,no,2026-08-16T10:45:12.347391Z,2026-08-16T10:45:00Z,0.001,,,5295.1,https://kalshi.com/markets/kxbnb15m-26aug160645,2026-08-16T19:49:45Z
kalshi,KXBNB15M-26AUG160630-30,BNB price up in next 15 mins?,Target Price: $606.17,yes,2026-08-16T10:30:02.347518Z,2026-08-16T10:30:00Z,0.999,,,11968.74,https://kalshi.com/markets/kxbnb15m-26aug160630,2026-08-16T19:49:45Z
kalshi,KXBNB15M-26AUG160615-15,BNB price up in next 15 mins?,Target Price: $606.83,no,2026-08-16T10:15:02.34451Z,2026-08-16T10:15:00Z,0.001,,,4819.89,https://kalshi.com/markets/kxbnb15m-26aug160615,2026-08-16T19:49:45Z
kalshi,KXBNB15M-26AUG160600-00,BNB price up in next 15 mins?,Target Price: $606.72,yes,2026-08-16T10:00:02.348784Z,2026-08-16T10:00:00Z,0.998,,,7750.3,https://kalshi.com/markets/kxbnb15m-26aug160600,2026-08-16T19:49:45Z
kalshi,KXBNB15M-26AUG160545-45,BNB price up in next 15 mins?,Target Price: $607.19,no,2026-08-16T09:45:12.348567Z,2026-08-16T09:45:00Z,0.001,,,7574.58,https://kalshi.com/markets/kxbnb15m-26aug160545,2026-08-16T19:49:45Z
kalshi,KXBNB15M-26AUG160530-30,BNB price up in next 15 mins?,Target Price: $606.65,yes,2026-08-16T09:30:02.345244Z,2026-08-16T09:30:00Z,0.999,,,8870.52,https://kalshi.com/markets/kxbnb15m-26aug160530,2026-08-16T19:49:45Z
kalshi,KXBNB15M-26AUG160515-15,BNB price up in next 15 mins?,Target Price: $606.71,no,2026-08-16T09:15:02.346545Z,2026-08-16T09:15:00Z,0.007,,,12890.71,https://kalshi.com/markets/kxbnb15m-26aug160515,2026-08-16T19:49:45Z
kalshi,KXBNB15M-26AUG160500-00,BNB price up in next 15 mins?,Target Price: $605.88,yes,2026-08-16T09:00:02.343885Z,2026-08-16T09:00:00Z,0.997,,,6808.14,https://kalshi.com/markets/kxbnb15m-26aug160500,2026-08-16T19:49:45Z
kalshi,KXBNB15M-26AUG160445-45,BNB price up in next 15 mins?,Target Price: $605.16,yes,2026-08-16T08:45:12.349583Z,2026-08-16T08:45:00Z,0.998,,,6466.36,https://kalshi.com/markets/kxbnb15m-26aug160445,2026-08-16T19:49:45Z
kalshi,KXBNB15M-26AUG160430-30,BNB price up in next 15 mins?,Target Price: $604.63,yes,2026-08-16T08:30:02.34518Z,2026-08-16T08:30:00Z,0.999,,,7082.4,https://kalshi.com/markets/kxbnb15m-26aug160430,2026-08-16T19:49:45Z
kalshi,KXBNB15M-26AUG160415-15,BNB price up in next 15 mins?,Target Price: $604.98,no,2026-08-16T08:15:12.346065Z,2026-08-16T08:15:00Z,0.001,,,6220.72,https://kalshi.com/markets/kxbnb15m-26aug160415,2026-08-16T19:49:45Z
kalshi,KXBNB15M-26AUG160400-00,BNB price up in next 15 mins?,Target Price: $604.88,yes,2026-08-16T08:00:02.343846Z,2026-08-16T08:00:00Z,0.999,,,9359.35,https://kalshi.com/markets/kxbnb15m-26aug160400,2026-08-16T19:49:45Z
kalshi,KXBNB15M-26AUG160345-45,BNB price up in next 15 mins?,Target Price: $604.85,yes,2026-08-16T07:45:12.350154Z,2026-08-16T07:45:00Z,0.998,,,16720.69,https://kalshi.com/markets/kxbnb15m-26aug160345,2026-08-16T19:49:45Z
kalshi,KXBNB15M-26AUG160330-30,BNB price up in next 15 mins?,Target Price: $604.96,no,2026-08-16T07:30:02.347344Z,2026-08-16T07:30:00Z,0.005,,,14702.95,https://kalshi.com/markets/kxbnb15m-26aug160330,2026-08-16T19:49:45Z
kalshi,KXBNB15M-26AUG160315-15,BNB price up in next 15 mins?,Target Price: $604.69,yes,2026-08-16T07:15:02.399998Z,2026-08-16T07:15:00Z,0.999,,,8017.6,https://kalshi.com/markets/kxbnb15m-26aug160315,2026-08-16T19:49:45Z
kalshi,KXBNB15M-26AUG160300-00,BNB price up in next 15 mins?,Target Price: $604.57,yes,2026-08-16T07:00:02.352098Z,2026-08-16T07:00:00Z,0.999,,,9197.44,https://kalshi.com/markets/kxbnb15m-26aug160300,2026-08-16T19:49:45Z
kalshi,KXBNB15M-26AUG160245-45,BNB price up in next 15 mins?,Target Price: $604.34,yes,2026-08-16T06:45:12.346766Z,2026-08-16T06:45:00Z,0.999,,,11826.17,https://kalshi.com/markets/kxbnb15m-26aug160245,2026-08-16T19:49:45Z
kalshi,KXBNB15M-26AUG160230-30,BNB price up in next 15 mins?,Target Price: $605.03,no,2026-08-16T06:30:02.347011Z,2026-08-16T06:30:00Z,0.001,,,15856.56,https://kalshi.com/markets/kxbnb15m-26aug160230,2026-08-16T19:49:45Z
kalshi,KXBNB15M-26AUG160215-15,BNB price up in next 15 mins?,Target Price: $605.72,no,2026-08-16T06:15:12.350713Z,2026-08-16T06:15:00Z,0.001,,,12944.46,https://kalshi.com/markets/kxbnb15m-26aug160215,2026-08-16T19:49:45Z
kalshi,KXBNB15M-26AUG160200-00,BNB price up in next 15 mins?,Target Price: $605.64,yes,2026-08-16T06:00:02.356619Z,2026-08-16T06:00:00Z,0.996,,,22326.42,https://kalshi.com/markets/kxbnb15m-26aug160200,2026-08-16T19:49:45Z
kalshi,KXBNB15M-26AUG160145-45,BNB price up in next 15 mins?,Target Price: $605.71,no,2026-08-16T05:45:12.348745Z,2026-08-16T05:45:00Z,0.001,,,36933.27,https://kalshi.com/markets/kxbnb15m-26aug160145,2026-08-16T19:49:45Z
kalshi,KXBNB15M-26AUG160130-30,BNB price up in next 15 mins?,Target Price: $605.66,yes,2026-08-16T05:30:02.358404Z,2026-08-16T05:30:00Z,0.998,,,60132.15,https://kalshi.com/markets/kxbnb15m-26aug160130,2026-08-16T19:49:45Z
kalshi,KXBNB15M-26AUG160115-15,BNB price up in next 15 mins?,Target Price: $605.43,yes,2026-08-16T05:15:02.346468Z,2026-08-16T05:15:00Z,0.999,,,11649.52,https://kalshi.com/markets/kxbnb15m-26aug160115,2026-08-16T19:49:45Z
kalshi,KXBNB15M-26AUG160100-00,BNB price up in next 15 mins?,Target Price: $605.38,yes,2026-08-16T05:00:02.383768Z,2026-08-16T05:00:00Z,0.999,,,20684.94,https://kalshi.com/markets/kxbnb15m-26aug160100,2026-08-16T19:49:45Z
kalshi,KXBNB15M-26AUG160045-45,BNB price up in next 15 mins?,Target Price: $605.57,no,2026-08-16T04:45:12.383451Z,2026-08-16T04:45:00Z,0.001,,,12876.09,https://kalshi.com/markets/kxbnb15m-26aug160045,2026-08-16T19:49:45Z
kalshi,KXBNB15M-26AUG160030-30,BNB price up in next 15 mins?,Target Price: $605.62,no,2026-08-16T04:30:02.380258Z,2026-08-16T04:30:00Z,0.001,,,29690.98,https://kalshi.com/markets/kxbnb15m-26aug160030,2026-08-16T19:49:45Z
kalshi,KXBNB15M-26AUG160015-15,BNB price up in next 15 mins?,Target Price: $605.97,no,2026-08-16T04:15:02.355764Z,2026-08-16T04:15:00Z,0.002,,,13180.47,https://kalshi.com/markets/kxbnb15m-26aug160015,2026-08-16T19:49:45Z
kalshi,KXXRP15M-26AUG161545-45,XRP price up in next 15 mins?,Target Price: $1.0014,no,2026-08-16T19:45:12.35762Z,2026-08-16T19:45:00Z,0.001,,,19083.57,https://kalshi.com/markets/kxxrp15m-26aug161545,2026-08-16T19:49:45Z
kalshi,KXXRP15M-26AUG161530-30,XRP price up in next 15 mins?,Target Price: $0.9998,yes,2026-08-16T19:30:02.350199Z,2026-08-16T19:30:00Z,0.999,,,15271.51,https://kalshi.com/markets/kxxrp15m-26aug161530,2026-08-16T19:49:45Z
kalshi,KXXRP15M-26AUG161515-15,XRP price up in next 15 mins?,Target Price: $0.9986,yes,2026-08-16T19:15:02.34981Z,2026-08-16T19:15:00Z,0.999,,,16543.53,https://kalshi.com/markets/kxxrp15m-26aug161515,2026-08-16T19:49:45Z
kalshi,KXXRP15M-26AUG161500-00,XRP price up in next 15 mins?,Target Price: $0.9984,yes,2026-08-16T19:00:02.356007Z,2026-08-16T19:00:00Z,0.999,,,22806.11,https://kalshi.com/markets/kxxrp15m-26aug161500,2026-08-16T19:49:45Z
kalshi,KXXRP15M-26AUG161445-45,XRP price up in next 15 mins?,Target Price: $0.9979,yes,2026-08-16T18:45:12.349345Z,2026-08-16T18:45:00Z,0.999,,,21110.45,https://kalshi.com/markets/kxxrp15m-26aug161445,2026-08-16T19:49:45Z
kalshi,KXXRP15M-26AUG161430-30,XRP price up in next 15 mins?,Target Price: $0.9980,no,2026-08-16T18:30:02.389743Z,2026-08-16T18:30:00Z,0.008,,,79507.57,https://kalshi.com/markets/kxxrp15m-26aug161430,2026-08-16T19:49:45Z
kalshi,KXXRP15M-26AUG161415-15,XRP price up in next 15 mins?,Target Price: $1.0002,no,2026-08-16T18:15:12.35331Z,2026-08-16T18:15:00Z,0.001,,,27519.93,https://kalshi.com/markets/kxxrp15m-26aug161415,2026-08-16T19:49:45Z
kalshi,KXXRP15M-26AUG161400-00,XRP price up in next 15 mins?,Target Price: $1.0007,no,2026-08-16T18:00:02.601331Z,2026-08-16T18:00:00Z,0.001,,,27287.8,https://kalshi.com/markets/kxxrp15m-26aug161400,2026-08-16T19:49:45Z
kalshi,KXXRP15M-26AUG161345-45,XRP price up in next 15 mins?,Target Price: $1.0007,yes,2026-08-16T17:45:12.385006Z,2026-08-16T17:45:00Z,0.984,,,40817.65,https://kalshi.com/markets/kxxrp15m-26aug161345,2026-08-16T19:49:45Z
kalshi,KXXRP15M-26AUG161330-30,XRP price up in next 15 mins?,Target Price: $1.0016,no,2026-08-16T17:30:02.353326Z,2026-08-16T17:30:00Z,0.001,,,18728.73,https://kalshi.com/markets/kxxrp15m-26aug161330,2026-08-16T19:49:45Z
kalshi,KXXRP15M-26AUG161315-15,XRP price up in next 15 mins?,Target Price: $1.0020,no,2026-08-16T17:15:12.354994Z,2026-08-16T17:15:00Z,0.001,,,46875.37,https://kalshi.com/markets/kxxrp15m-26aug161315,2026-08-16T19:49:45Z
kalshi,KXXRP15M-26AUG161300-00,XRP price up in next 15 mins?,Target Price: $1.0014,yes,2026-08-16T17:00:02.355635Z,2026-08-16T17:00:00Z,0.999,,,39633.18,https://kalshi.com/markets/kxxrp15m-26aug161300,2026-08-16T19:49:45Z
kalshi,KXXRP15M-26AUG161245-45,XRP price up in next 15 mins?,Target Price: $1.0017,no,2026-08-16T16:45:12.387685Z,2026-08-16T16:45:00Z,0.004,,,41607.44,https://kalshi.com/markets/kxxrp15m-26aug161245,2026-08-16T19:49:45Z
kalshi,KXXRP15M-26AUG161230-30,XRP price up in next 15 mins?,Target Price: $1.0014,yes,2026-08-16T16:30:02.373556Z,2026-08-16T16:30:00Z,0.999,,,56712.47,https://kalshi.com/markets/kxxrp15m-26aug161230,2026-08-16T19:49:45Z
kalshi,KXXRP15M-26AUG161215-15,XRP price up in next 15 mins?,Target Price: $1.0012,yes,2026-08-16T16:15:02.357252Z,2026-08-16T16:15:00Z,0.991,,,57499.02,https://kalshi.com/markets/kxxrp15m-26aug161215,2026-08-16T19:49:45Z
kalshi,KXXRP15M-26AUG161200-00,XRP price up in next 15 mins?,Target Price: $1.0009,yes,2026-08-16T16:00:02.455216Z,2026-08-16T16:00:00Z,0.999,,,19445.12,https://kalshi.com/markets/kxxrp15m-26aug161200,2026-08-16T19:49:45Z
kalshi,KXXRP15M-26AUG161145-45,XRP price up in next 15 mins?,Target Price: $1.0011,no,2026-08-16T15:45:12.35115Z,2026-08-16T15:45:00Z,0.001,,,42689.74,https://kalshi.com/markets/kxxrp15m-26aug161145,2026-08-16T19:49:45Z
kalshi,KXXRP15M-26AUG161130-30,XRP price up in next 15 mins?,Target Price: $1.0004,yes,2026-08-16T15:30:02.349365Z,2026-08-16T15:30:00Z,0.999,,,21683.73,https://kalshi.com/markets/kxxrp15m-26aug161130,2026-08-16T19:49:45Z
kalshi,KXXRP15M-26AUG161115-15,XRP price up in next 15 mins?,Target Price: $1.0003,yes,2026-08-16T15:15:02.625928Z,2026-08-16T15:15:00Z,0.998,,,23533.31,https://kalshi.com/markets/kxxrp15m-26aug161115,2026-08-16T19:49:45Z
kalshi,KXXRP15M-26AUG161100-00,XRP price up in next 15 mins?,Target Price: $1.0000,yes,2026-08-16T15:00:02.652883Z,2026-08-16T15:00:00Z,0.996,,,15544.15,https://kalshi.com/markets/kxxrp15m-26aug161100,2026-08-16T19:49:45Z
kalshi,KXXRP15M-26AUG161045-45,XRP price up in next 15 mins?,Target Price: $0.9999,yes,2026-08-16T14:45:12.352183Z,2026-08-16T14:45:00Z,0.998,,,25000.22,https://kalshi.com/markets/kxxrp15m-26aug161045,2026-08-16T19:49:45Z
kalshi,KXXRP15M-26AUG161030-30,XRP price up in next 15 mins?,Target Price: $0.9993,yes,2026-08-16T14:30:02.700767Z,2026-08-16T14:30:00Z,0.995,,,20816.72,https://kalshi.com/markets/kxxrp15m-26aug161030,2026-08-16T19:49:45Z
kalshi,KXXRP15M-26AUG161015-15,XRP price up in next 15 mins?,Target Price: $0.9993,yes,2026-08-16T14:15:12.358417Z,2026-08-16T14:15:00Z,0.999,,,21391.1,https://kalshi.com/markets/kxxrp15m-26aug161015,2026-08-16T19:49:45Z
kalshi,KXXRP15M-26AUG161000-00,XRP price up in next 15 mins?,Target Price: $0.9994,no,2026-08-16T14:00:02.376976Z,2026-08-16T14:00:00Z,0.003,,,32209.55,https://kalshi.com/markets/kxxrp15m-26aug161000,2026-08-16T19:49:45Z
kalshi,KXXRP15M-26AUG160945-45,XRP price up in next 15 mins?,Target Price: $0.9998,no,2026-08-16T13:45:12.369488Z,2026-08-16T13:45:00Z,0.001,,,14890.17,https://kalshi.com/markets/kxxrp15m-26aug160945,2026-08-16T19:49:45Z
kalshi,KXXRP15M-26AUG160930-30,XRP price up in next 15 mins?,Target Price: $0.9994,yes,2026-08-16T13:30:02.349279Z,2026-08-16T13:30:00Z,0.999,,,11416.01,https://kalshi.com/markets/kxxrp15m-26aug160930,2026-08-16T19:49:45Z
kalshi,KXXRP15M-26AUG160915-15,XRP price up in next 15 mins?,Target Price: $0.9990,yes,2026-08-16T13:15:02.566245Z,2026-08-16T13:15:00Z,0.999,,,14283.09,https://kalshi.com/markets/kxxrp15m-26aug160915,2026-08-16T19:49:45Z
kalshi,KXXRP15M-26AUG160900-00,XRP price up in next 15 mins?,Target Price: $0.9988,yes,2026-08-16T13:00:02.352088Z,2026-08-16T13:00:00Z,0.999,,,12245.01,https://kalshi.com/markets/kxxrp15m-26aug160900,2026-08-16T19:49:45Z
kalshi,KXXRP15M-26AUG160845-45,XRP price up in next 15 mins?,Target Price: $0.9999,no,2026-08-16T12:45:12.347642Z,2026-08-16T12:45:00Z,0.002,,,12601.41,https://kalshi.com/markets/kxxrp15m-26aug160845,2026-08-16T19:49:45Z
kalshi,KXXRP15M-26AUG160830-30,XRP price up in next 15 mins?,Target Price: $0.9988,yes,2026-08-16T12:30:02.350647Z,2026-08-16T12:30:00Z,0.999,,,17861.96,https://kalshi.com/markets/kxxrp15m-26aug160830,2026-08-16T19:49:45Z
kalshi,KXXRP15M-26AUG160815-15,XRP price up in next 15 mins?,Target Price: $0.9990,no,2026-08-16T12:15:12.351073Z,2026-08-16T12:15:00Z,0.009,,,21363.1,https://kalshi.com/markets/kxxrp15m-26aug160815,2026-08-16T19:49:45Z
kalshi,KXXRP15M-26AUG160800-00,XRP price up in next 15 mins?,Target Price: $0.9988,yes,2026-08-16T12:00:02.35373Z,2026-08-16T12:00:00Z,0.999,,,15299.11,https://kalshi.com/markets/kxxrp15m-26aug160800,2026-08-16T19:49:45Z
kalshi,KXXRP15M-26AUG160745-45,XRP price up in next 15 mins?,Target Price: $0.9991,no,2026-08-16T11:45:12.351644Z,2026-08-16T11:45:00Z,0.001,,,21032.22,https://kalshi.com/markets/kxxrp15m-26aug160745,2026-08-16T19:49:45Z
kalshi,KXXRP15M-26AUG160730-30,XRP price up in next 15 mins?,Target Price: $0.9998,no,2026-08-16T11:30:02.649253Z,2026-08-16T11:30:00Z,0.001,,,13864.56,https://kalshi.com/markets/kxxrp15m-26aug160730,2026-08-16T19:49:45Z
kalshi,KXXRP15M-26AUG160715-15,XRP price up in next 15 mins?,Target Price: $0.9995,yes,2026-08-16T11:15:02.350463Z,2026-08-16T11:15:00Z,0.999,,,20507.01,https://kalshi.com/markets/kxxrp15m-26aug160715,2026-08-16T19:49:45Z
kalshi,KXXRP15M-26AUG160700-00,XRP price up in next 15 mins?,Target Price: $0.9990,yes,2026-08-16T11:00:02.349052Z,2026-08-16T11:00:00Z,0.999,,,13796.66,https://kalshi.com/markets/kxxrp15m-26aug160700,2026-08-16T19:49:45Z
kalshi,KXXRP15M-26AUG160645-45,XRP price up in next 15 mins?,Target Price: $0.9989,yes,2026-08-16T10:45:12.361051Z,2026-08-16T10:45:00Z,0.998,,,19171.38,https://kalshi.com/markets/kxxrp15m-26aug160645,2026-08-16T19:49:45Z
kalshi,KXXRP15M-26AUG160630-30,XRP price up in next 15 mins?,Target Price: $0.9979,yes,2026-08-16T10:30:02.348304Z,2026-08-16T10:30:00Z,0.999,,,16418.74,https://kalshi.com/markets/kxxrp15m-26aug160630,2026-08-16T19:49:45Z
kalshi,KXXRP15M-26AUG160615-15,XRP price up in next 15 mins?,Target Price: $0.9995,no,2026-08-16T10:15:02.346973Z,2026-08-16T10:15:00Z,0.001,,,14852.76,https://kalshi.com/markets/kxxrp15m-26aug160615,2026-08-16T19:49:45Z
kalshi,KXXRP15M-26AUG160600-00,XRP price up in next 15 mins?,Target Price: $0.9999,no,2026-08-16T10:00:02.348182Z,2026-08-16T10:00:00Z,0.001,,,22510.81,https://kalshi.com/markets/kxxrp15m-26aug160600,2026-08-16T19:49:45Z
kalshi,KXXRP15M-26AUG160545-45,XRP price up in next 15 mins?,Target Price: $1.0013,no,2026-08-16T09:45:12.349384Z,2026-08-16T09:45:00Z,0.001,,,8573.11,https://kalshi.com/markets/kxxrp15m-26aug160545,2026-08-16T19:49:45Z
kalshi,KXXRP15M-26AUG160530-30,XRP price up in next 15 mins?,Target Price: $1.0009,yes,2026-08-16T09:30:02.344565Z,2026-08-16T09:30:00Z,0.999,,,14866.46,https://kalshi.com/markets/kxxrp15m-26aug160530,2026-08-16T19:49:45Z
kalshi,KXXRP15M-26AUG160515-15,XRP price up in next 15 mins?,Target Price: $1.0008,yes,2026-08-16T09:15:12.359639Z,2026-08-16T09:15:00Z,0.987,,,19717.25,https://kalshi.com/markets/kxxrp15m-26aug160515,2026-08-16T19:49:45Z
kalshi,KXXRP15M-26AUG160500-00,XRP price up in next 15 mins?,Target Price: $1.0009,no,2026-08-16T09:00:02.348095Z,2026-08-16T09:00:00Z,0.001,,,16968.27,https://kalshi.com/markets/kxxrp15m-26aug160500,2026-08-16T19:49:45Z
kalshi,KXXRP15M-26AUG160445-45,XRP price up in next 15 mins?,Target Price: $1.0010,no,2026-08-16T08:45:12.353361Z,2026-08-16T08:45:00Z,0.001,,,19372.97,https://kalshi.com/markets/kxxrp15m-26aug160445,2026-08-16T19:49:45Z
kalshi,KXXRP15M-26AUG160430-30,XRP price up in next 15 mins?,Target Price: $1.0010,yes,2026-08-16T08:30:02.348228Z,2026-08-16T08:30:00Z,0.992,,,23457.27,https://kalshi.com/markets/kxxrp15m-26aug160430,2026-08-16T19:49:45Z
kalshi,KXXRP15M-26AUG160415-15,XRP price up in next 15 mins?,Target Price: $1.0016,no,2026-08-16T08:15:12.350158Z,2026-08-16T08:15:00Z,0.001,,,12054.14,https://kalshi.com/markets/kxxrp15m-26aug160415,2026-08-16T19:49:45Z
kalshi,KXXRP15M-26AUG160400-00,XRP price up in next 15 mins?,Target Price: $1.0012,yes,2026-08-16T08:00:02.345584Z,2026-08-16T08:00:00Z,0.999,,,10161.84,https://kalshi.com/markets/kxxrp15m-26aug160400,2026-08-16T19:49:45Z
kalshi,KXXRP15M-26AUG160345-45,XRP price up in next 15 mins?,Target Price: $1.0013,no,2026-08-16T07:45:12.368745Z,2026-08-16T07:45:00Z,0.008,,,24645.17,https://kalshi.com/markets/kxxrp15m-26aug160345,2026-08-16T19:49:45Z
kalshi,KXXRP15M-26AUG160330-30,XRP price up in next 15 mins?,Target Price: $1.0003,yes,2026-08-16T07:30:02.345602Z,2026-08-16T07:30:00Z,0.999,,,16110.46,https://kalshi.com/markets/kxxrp15m-26aug160330,2026-08-16T19:49:45Z
kalshi,KXXRP15M-26AUG160315-15,XRP price up in next 15 mins?,Target Price: $0.9996,yes,2026-08-16T07:15:02.399585Z,2026-08-16T07:15:00Z,0.998,,,18465.98,https://kalshi.com/markets/kxxrp15m-26aug160315,2026-08-16T19:49:45Z
kalshi,KXXRP15M-26AUG160300-00,XRP price up in next 15 mins?,Target Price: $1.0001,no,2026-08-16T07:00:02.347229Z,2026-08-16T07:00:00Z,0.001,,,22695.34,https://kalshi.com/markets/kxxrp15m-26aug160300,2026-08-16T19:49:45Z
kalshi,KXXRP15M-26AUG160245-45,XRP price up in next 15 mins?,Target Price: $0.9993,yes,2026-08-16T06:45:12.349101Z,2026-08-16T06:45:00Z,0.999,,,22557.49,https://kalshi.com/markets/kxxrp15m-26aug160245,2026-08-16T19:49:45Z
kalshi,KXXRP15M-26AUG160230-30,XRP price up in next 15 mins?,Target Price: $0.9997,no,2026-08-16T06:30:02.353379Z,2026-08-16T06:30:00Z,0.001,,,17042.93,https://kalshi.com/markets/kxxrp15m-26aug160230,2026-08-16T19:49:45Z
kalshi,KXXRP15M-26AUG160215-15,XRP price up in next 15 mins?,Target Price: $0.9997,yes,2026-08-16T06:15:12.349707Z,2026-08-16T06:15:00Z,0.998,,,23011.3,https://kalshi.com/markets/kxxrp15m-26aug160215,2026-08-16T19:49:45Z
kalshi,KXXRP15M-26AUG160200-00,XRP price up in next 15 mins?,Target Price: $0.9994,yes,2026-08-16T06:00:02.354592Z,2026-08-16T06:00:00Z,0.998,,,30283.63,https://kalshi.com/markets/kxxrp15m-26aug160200,2026-08-16T19:49:45Z
kalshi,KXXRP15M-26AUG160145-45,XRP price up in next 15 mins?,Target Price: $0.9990,yes,2026-08-16T05:45:12.355735Z,2026-08-16T05:45:00Z,0.999,,,20212.58,https://kalshi.com/markets/kxxrp15m-26aug160145,2026-08-16T19:49:45Z
kalshi,KXXRP15M-26AUG160130-30,XRP price up in next 15 mins?,Target Price: $0.9999,no,2026-08-16T05:30:02.354011Z,2026-08-16T05:30:00Z,0.001,,,25710.63,https://kalshi.com/markets/kxxrp15m-26aug160130,2026-08-16T19:49:45Z
kalshi,KXXRP15M-26AUG160115-15,XRP price up in next 15 mins?,Target Price: $1.0001,no,2026-08-16T05:15:12.384372Z,2026-08-16T05:15:00Z,0.001,,,40776.62,https://kalshi.com/markets/kxxrp15m-26aug160115,2026-08-16T19:49:45Z
kalshi,KXXRP15M-26AUG160100-00,XRP price up in next 15 mins?,Target Price: $1.0007,no,2026-08-16T05:00:02.381374Z,2026-08-16T05:00:00Z,0.001,,,20070.97,https://kalshi.com/markets/kxxrp15m-26aug160100,2026-08-16T19:49:45Z
kalshi,KXXRP15M-26AUG160045-45,XRP price up in next 15 mins?,Target Price: $1.0009,no,2026-08-16T04:45:12.351381Z,2026-08-16T04:45:00Z,0.006,,,43496.33,https://kalshi.com/markets/kxxrp15m-26aug160045,2026-08-16T19:49:45Z
kalshi,KXXRP15M-26AUG160030-30,XRP price up in next 15 mins?,Target Price: $1.0006,yes,2026-08-16T04:30:02.384208Z,2026-08-16T04:30:00Z,0.999,,,38759.87,https://kalshi.com/markets/kxxrp15m-26aug160030,2026-08-16T19:49:45Z
kalshi,KXXRP15M-26AUG160015-15,XRP price up in next 15 mins?,Target Price: $1.0014,no,2026-08-16T04:15:02.354373Z,2026-08-16T04:15:00Z,0.001,,,25141.16,https://kalshi.com/markets/kxxrp15m-26aug160015,2026-08-16T19:49:45Z
kalshi,KXSOL15M-26AUG161545-45,SOL price up in next 15 mins?,Target Price: $75.2683,no,2026-08-16T19:45:12.350326Z,2026-08-16T19:45:00Z,0.001,,,9584.24,https://kalshi.com/markets/kxsol15m-26aug161545,2026-08-16T19:49:45Z
kalshi,KXSOL15M-26AUG161530-30,SOL price up in next 15 mins?,Target Price: $75.2043,yes,2026-08-16T19:30:02.351956Z,2026-08-16T19:30:00Z,0.999,,,14039.18,https://kalshi.com/markets/kxsol15m-26aug161530,2026-08-16T19:49:45Z
kalshi,KXSOL15M-26AUG161515-15,SOL price up in next 15 mins?,Target Price: $75.1208,yes,2026-08-16T19:15:02.348542Z,2026-08-16T19:15:00Z,0.999,,,13135.81,https://kalshi.com/markets/kxsol15m-26aug161515,2026-08-16T19:49:45Z
kalshi,KXSOL15M-26AUG161500-00,SOL price up in next 15 mins?,Target Price: $75.1225,no,2026-08-16T19:00:02.362304Z,2026-08-16T19:00:00Z,0.001,,,42344.88,https://kalshi.com/markets/kxsol15m-26aug161500,2026-08-16T19:49:45Z
kalshi,KXSOL15M-26AUG161445-45,SOL price up in next 15 mins?,Target Price: $75.1192,yes,2026-08-16T18:45:12.387007Z,2026-08-16T18:45:00Z,0.999,,,41788.43,https://kalshi.com/markets/kxsol15m-26aug161445,2026-08-16T19:49:45Z
kalshi,KXSOL15M-26AUG161430-30,SOL price up in next 15 mins?,Target Price: $75.0583,yes,2026-08-16T18:30:02.352502Z,2026-08-16T18:30:00Z,0.999,,,15421.81,https://kalshi.com/markets/kxsol15m-26aug161430,2026-08-16T19:49:45Z
kalshi,KXSOL15M-26AUG161415-15,SOL price up in next 15 mins?,Target Price: $75.2118,no,2026-08-16T18:15:12.35087Z,2026-08-16T18:15:00Z,0.001,,,20142.17,https://kalshi.com/markets/kxsol15m-26aug161415,2026-08-16T19:49:45Z
kalshi,KXSOL15M-26AUG161400-00,SOL price up in next 15 mins?,Target Price: $75.2795,no,2026-08-16T18:00:02.600065Z,2026-08-16T18:00:00Z,0.001,,,31379.03,https://kalshi.com/markets/kxsol15m-26aug161400,2026-08-16T19:49:45Z
kalshi,KXSOL15M-26AUG161345-45,SOL price up in next 15 mins?,Target Price: $75.3747,no,2026-08-16T17:45:12.347567Z,2026-08-16T17:45:00Z,0.001,,,22835.8,https://kalshi.com/markets/kxsol15m-26aug161345,2026-08-16T19:49:45Z
kalshi,KXSOL15M-26AUG161330-30,SOL price up in next 15 mins?,Target Price: $75.4780,no,2026-08-16T17:30:02.350559Z,2026-08-16T17:30:00Z,0.001,,,16443.66,https://kalshi.com/markets/kxsol15m-26aug161330,2026-08-16T19:49:45Z
kalshi,KXSOL15M-26AUG161315-15,SOL price up in next 15 mins?,Target Price: $75.4882,no,2026-08-16T17:15:12.385937Z,2026-08-16T17:15:00Z,0.001,,,37306.4,https://kalshi.com/markets/kxsol15m-26aug161315,2026-08-16T19:49:45Z
kalshi,KXSOL15M-26AUG161300-00,SOL price up in next 15 mins?,Target Price: $75.4893,no,2026-08-16T17:05:32.346148Z,2026-08-16T17:00:00Z,0.001,,,64782.44,https://kalshi.com/markets/kxsol15m-26aug161300,2026-08-16T19:49:45Z
kalshi,KXSOL15M-26AUG161245-45,SOL price up in next 15 mins?,Target Price: $75.5345,no,2026-08-16T16:45:12.354614Z,2026-08-16T16:45:00Z,0.001,,,24210.27,https://kalshi.com/markets/kxsol15m-26aug161245,2026-08-16T19:49:45Z
kalshi,KXSOL15M-26AUG161230-30,SOL price up in next 15 mins?,Target Price: $75.4638,yes,2026-08-16T16:30:02.34909Z,2026-08-16T16:30:00Z,0.999,,,23926.71,https://kalshi.com/markets/kxsol15m-26aug161230,2026-08-16T19:49:45Z
kalshi,KXSOL15M-26AUG161215-15,SOL price up in next 15 mins?,Target Price: $75.4900,no,2026-08-16T16:15:02.350806Z,2026-08-16T16:15:00Z,0.001,,,39988.58,https://kalshi.com/markets/kxsol15m-26aug161215,2026-08-16T19:49:45Z
kalshi,KXSOL15M-26AUG161200-00,SOL price up in next 15 mins?,Target Price: $75.4710,yes,2026-08-16T16:00:02.454086Z,2026-08-16T16:00:00Z,0.999,,,28925.18,https://kalshi.com/markets/kxsol15m-26aug161200,2026-08-16T19:49:45Z
kalshi,KXSOL15M-26AUG161145-45,SOL price up in next 15 mins?,Target Price: $75.4943,no,2026-08-16T15:45:12.34978Z,2026-08-16T15:45:00Z,0.001,,,45448.03,https://kalshi.com/markets/kxsol15m-26aug161145,2026-08-16T19:49:45Z
kalshi,KXSOL15M-26AUG161130-30,SOL price up in next 15 mins?,Target Price: $75.3700,yes,2026-08-16T15:30:02.345182Z,2026-08-16T15:30:00Z,0.999,,,18069.15,https://kalshi.com/markets/kxsol15m-26aug161130,2026-08-16T19:49:45Z
kalshi,KXSOL15M-26AUG161115-15,SOL price up in next 15 mins?,Target Price: $75.3282,yes,2026-08-16T15:15:02.59739Z,2026-08-16T15:15:00Z,0.999,,,17656.96,https://kalshi.com/markets/kxsol15m-26aug161115,2026-08-16T19:49:45Z
kalshi,KXSOL15M-26AUG161100-00,SOL price up in next 15 mins?,Target Price: $75.3098,yes,2026-08-16T15:00:02.648889Z,2026-08-16T15:00:00Z,0.999,,,14787.25,https://kalshi.com/markets/kxsol15m-26aug161100,2026-08-16T19:49:45Z
kalshi,KXSOL15M-26AUG161045-45,SOL price up in next 15 mins?,Target Price: $75.2592,yes,2026-08-16T14:45:12.347919Z,2026-08-16T14:45:00Z,0.999,,,9202.25,https://kalshi.com/markets/kxsol15m-26aug161045,2026-08-16T19:49:45Z
kalshi,KXSOL15M-26AUG161030-30,SOL price up in next 15 mins?,Target Price: $75.2090,yes,2026-08-16T14:30:02.698897Z,2026-08-16T14:30:00Z,0.999,,,11104.98,https://kalshi.com/markets/kxsol15m-26aug161030,2026-08-16T19:49:45Z
kalshi,KXSOL15M-26AUG161015-15,SOL price up in next 15 mins?,Target Price: $75.2503,no,2026-08-16T14:15:12.353078Z,2026-08-16T14:15:00Z,0.001,,,15515.11,https://kalshi.com/markets/kxsol15m-26aug161015,2026-08-16T19:49:45Z
kalshi,KXSOL15M-26AUG161000-00,SOL price up in next 15 mins?,Target Price: $75.3300,no,2026-08-16T14:00:02.37594Z,2026-08-16T14:00:00Z,0.001,,,16523.34,https://kalshi.com/markets/kxsol15m-26aug161000,2026-08-16T19:49:45Z
kalshi,KXSOL15M-26AUG160945-45,SOL price up in next 15 mins?,Target Price: $75.3353,no,2026-08-16T13:45:12.370198Z,2026-08-16T13:45:00Z,0.001,,,15783.77,https://kalshi.com/markets/kxsol15m-26aug160945,2026-08-16T19:49:45Z
kalshi,KXSOL15M-26AUG160930-30,SOL price up in next 15 mins?,Target Price: $75.2515,yes,2026-08-16T13:30:02.348463Z,2026-08-16T13:30:00Z,0.999,,,10733.57,https://kalshi.com/markets/kxsol15m-26aug160930,2026-08-16T19:49:45Z
kalshi,KXSOL15M-26AUG160915-15,SOL price up in next 15 mins?,Target Price: $75.1613,yes,2026-08-16T13:15:02.551241Z,2026-08-16T13:15:00Z,0.999,,,7801.43,https://kalshi.com/markets/kxsol15m-26aug160915,2026-08-16T19:49:45Z
kalshi,KXSOL15M-26AUG160900-00,SOL price up in next 15 mins?,Target Price: $75.1587,yes,2026-08-16T13:00:02.354548Z,2026-08-16T13:00:00Z,0.999,,,36353.47,https://kalshi.com/markets/kxsol15m-26aug160900,2026-08-16T19:49:45Z
kalshi,KXSOL15M-26AUG160845-45,SOL price up in next 15 mins?,Target Price: $75.2295,no,2026-08-16T12:45:12.350139Z,2026-08-16T12:45:00Z,0.001,,,8757.32,https://kalshi.com/markets/kxsol15m-26aug160845,2026-08-16T19:49:45Z
kalshi,KXSOL15M-26AUG160830-30,SOL price up in next 15 mins?,Target Price: $75.1897,yes,2026-08-16T12:30:02.348182Z,2026-08-16T12:30:00Z,0.999,,,8978.97,https://kalshi.com/markets/kxsol15m-26aug160830,2026-08-16T19:49:45Z
kalshi,KXSOL15M-26AUG160815-15,SOL price up in next 15 mins?,Target Price: $75.2197,no,2026-08-16T12:15:12.350054Z,2026-08-16T12:15:00Z,0.001,,,9883.16,https://kalshi.com/markets/kxsol15m-26aug160815,2026-08-16T19:49:45Z
kalshi,KXSOL15M-26AUG160800-00,SOL price up in next 15 mins?,Target Price: $75.2005,yes,2026-08-16T12:00:02.35302Z,2026-08-16T12:00:00Z,0.999,,,15747.65,https://kalshi.com/markets/kxsol15m-26aug160800,2026-08-16T19:49:45Z
kalshi,KXSOL15M-26AUG160745-45,SOL price up in next 15 mins?,Target Price: $75.2387,no,2026-08-16T11:45:12.347519Z,2026-08-16T11:45:00Z,0.001,,,7992.83,https://kalshi.com/markets/kxsol15m-26aug160745,2026-08-16T19:49:45Z
kalshi,KXSOL15M-26AUG160730-30,SOL price up in next 15 mins?,Target Price: $75.2203,yes,2026-08-16T11:30:02.662727Z,2026-08-16T11:30:00Z,0.999,,,24202.7,https://kalshi.com/markets/kxsol15m-26aug160730,2026-08-16T19:49:45Z
kalshi,KXSOL15M-26AUG160715-15,SOL price up in next 15 mins?,Target Price: $75.2093,yes,2026-08-16T11:15:02.351255Z,2026-08-16T11:15:00Z,0.999,,,8287.97,https://kalshi.com/markets/kxsol15m-26aug160715,2026-08-16T19:49:45Z
kalshi,KXSOL15M-26AUG160700-00,SOL price up in next 15 mins?,Target Price: $75.1630,yes,2026-08-16T11:00:02.346954Z,2026-08-16T11:00:00Z,0.999,,,7682.75,https://kalshi.com/markets/kxsol15m-26aug160700,2026-08-16T19:49:45Z
kalshi,KXSOL15M-26AUG160645-45,SOL price up in next 15 mins?,Target Price: $75.1598,yes,2026-08-16T10:45:12.36241Z,2026-08-16T10:45:00Z,0.999,,,13207.4,https://kalshi.com/markets/kxsol15m-26aug160645,2026-08-16T19:49:45Z
kalshi,KXSOL15M-26AUG160630-30,SOL price up in next 15 mins?,Target Price: $75.1642,no,2026-08-16T10:30:02.36227Z,2026-08-16T10:30:00Z,0.001,,,20724.58,https://kalshi.com/markets/kxsol15m-26aug160630,2026-08-16T19:49:45Z
kalshi,KXSOL15M-26AUG160615-15,SOL price up in next 15 mins?,Target Price: $75.2542,no,2026-08-16T10:15:02.345486Z,2026-08-16T10:15:00Z,0.002,,,6499.26,https://kalshi.com/markets/kxsol15m-26aug160615,2026-08-16T19:49:45Z
kalshi,KXSOL15M-26AUG160600-00,SOL price up in next 15 mins?,Target Price: $75.2452,yes,2026-08-16T10:00:02.347196Z,2026-08-16T10:00:00Z,0.999,,,10773.98,https://kalshi.com/markets/kxsol15m-26aug160600,2026-08-16T19:49:45Z
kalshi,KXSOL15M-26AUG160545-45,SOL price up in next 15 mins?,Target Price: $75.3600,no,2026-08-16T09:45:12.363111Z,2026-08-16T09:45:00Z,0.001,,,13064.94,https://kalshi.com/markets/kxsol15m-26aug160545,2026-08-16T19:49:45Z
kalshi,KXSOL15M-26AUG160530-30,SOL price up in next 15 mins?,Target Price: $75.3708,no,2026-08-16T09:30:02.348468Z,2026-08-16T09:30:00Z,0.001,,,16230.78,https://kalshi.com/markets/kxsol15m-26aug160530,2026-08-16T19:49:45Z
kalshi,KXSOL15M-26AUG160515-15,SOL price up in next 15 mins?,Target Price: $75.3990,no,2026-08-16T09:15:12.343895Z,2026-08-16T09:15:00Z,0.001,,,8544.57,https://kalshi.com/markets/kxsol15m-26aug160515,2026-08-16T19:49:45Z
kalshi,KXSOL15M-26AUG160500-00,SOL price up in next 15 mins?,Target Price: $75.3783,yes,2026-08-16T09:00:02.363291Z,2026-08-16T09:00:00Z,0.999,,,8583.36,https://kalshi.com/markets/kxsol15m-26aug160500,2026-08-16T19:49:45Z
kalshi,KXSOL15M-26AUG160445-45,SOL price up in next 15 mins?,Target Price: $75.3765,yes,2026-08-16T08:45:12.352144Z,2026-08-16T08:45:00Z,0.999,,,21205.08,https://kalshi.com/markets/kxsol15m-26aug160445,2026-08-16T19:49:45Z
kalshi,KXSOL15M-26AUG160430-30,SOL price up in next 15 mins?,Target Price: $75.3512,yes,2026-08-16T08:30:02.344646Z,2026-08-16T08:30:00Z,0.999,,,6206.78,https://kalshi.com/markets/kxsol15m-26aug160430,2026-08-16T19:49:45Z
kalshi,KXSOL15M-26AUG160415-15,SOL price up in next 15 mins?,Target Price: $75.3988,no,2026-08-16T08:15:12.348659Z,2026-08-16T08:15:00Z,0.001,,,7839.43,https://kalshi.com/markets/kxsol15m-26aug160415,2026-08-16T19:49:45Z
kalshi,KXSOL15M-26AUG160400-00,SOL price up in next 15 mins?,Target Price: $75.3500,yes,2026-08-16T08:00:02.348621Z,2026-08-16T08:00:00Z,0.999,,,7838.79,https://kalshi.com/markets/kxsol15m-26aug160400,2026-08-16T19:49:45Z
kalshi,KXSOL15M-26AUG160345-45,SOL price up in next 15 mins?,Target Price: $75.3765,no,2026-08-16T07:45:12.349259Z,2026-08-16T07:45:00Z,0.001,,,17227.34,https://kalshi.com/markets/kxsol15m-26aug160345,2026-08-16T19:49:45Z
kalshi,KXSOL15M-26AUG160330-30,SOL price up in next 15 mins?,Target Price: $75.3602,yes,2026-08-16T07:30:02.348264Z,2026-08-16T07:30:00Z,0.999,,,12370.42,https://kalshi.com/markets/kxsol15m-26aug160330,2026-08-16T19:49:45Z
kalshi,KXSOL15M-26AUG160315-15,SOL price up in next 15 mins?,Target Price: $75.3102,yes,2026-08-16T07:15:02.40135Z,2026-08-16T07:15:00Z,0.999,,,18467.01,https://kalshi.com/markets/kxsol15m-26aug160315,2026-08-16T19:49:45Z
kalshi,KXSOL15M-26AUG160300-00,SOL price up in next 15 mins?,Target Price: $75.3373,no,2026-08-16T07:00:02.345913Z,2026-08-16T07:00:00Z,0.001,,,18816.1,https://kalshi.com/markets/kxsol15m-26aug160300,2026-08-16T19:49:45Z
kalshi,KXSOL15M-26AUG160245-45,SOL price up in next 15 mins?,Target Price: $75.2813,yes,2026-08-16T06:45:12.347726Z,2026-08-16T06:45:00Z,0.999,,,12552.78,https://kalshi.com/markets/kxsol15m-26aug160245,2026-08-16T19:49:45Z
kalshi,KXSOL15M-26AUG160230-30,SOL price up in next 15 mins?,Target Price: $75.2857,no,2026-08-16T06:30:02.354018Z,2026-08-16T06:30:00Z,0.001,,,15793.61,https://kalshi.com/markets/kxsol15m-26aug160230,2026-08-16T19:49:45Z
kalshi,KXSOL15M-26AUG160215-15,SOL price up in next 15 mins?,Target Price: $75.3027,no,2026-08-16T06:15:12.374805Z,2026-08-16T06:15:00Z,0.001,,,28685.9,https://kalshi.com/markets/kxsol15m-26aug160215,2026-08-16T19:49:45Z
kalshi,KXSOL15M-26AUG160200-00,SOL price up in next 15 mins?,Target Price: $75.3002,yes,2026-08-16T06:00:02.352149Z,2026-08-16T06:00:00Z,0.999,,,25004.01,https://kalshi.com/markets/kxsol15m-26aug160200,2026-08-16T19:49:45Z
kalshi,KXSOL15M-26AUG160145-45,SOL price up in next 15 mins?,Target Price: $75.3193,no,2026-08-16T05:45:12.354895Z,2026-08-16T05:45:00Z,0.001,,,31548.32,https://kalshi.com/markets/kxsol15m-26aug160145,2026-08-16T19:49:45Z
kalshi,KXSOL15M-26AUG160130-30,SOL price up in next 15 mins?,Target Price: $75.4382,no,2026-08-16T05:30:02.350897Z,2026-08-16T05:30:00Z,0.001,,,8395.14,https://kalshi.com/markets/kxsol15m-26aug160130,2026-08-16T19:49:45Z
kalshi,KXSOL15M-26AUG160115-15,SOL price up in next 15 mins?,Target Price: $75.3897,yes,2026-08-16T05:15:12.350827Z,2026-08-16T05:15:00Z,0.999,,,18411.04,https://kalshi.com/markets/kxsol15m-26aug160115,2026-08-16T19:49:45Z
kalshi,KXSOL15M-26AUG160100-00,SOL price up in next 15 mins?,Target Price: $75.4630,no,2026-08-16T05:00:02.347408Z,2026-08-16T05:00:00Z,0.001,,,20329.98,https://kalshi.com/markets/kxsol15m-26aug160100,2026-08-16T19:49:45Z
kalshi,KXSOL15M-26AUG160045-45,SOL price up in next 15 mins?,Target Price: $75.5257,no,2026-08-16T04:45:12.382976Z,2026-08-16T04:45:00Z,0.001,,,10989.24,https://kalshi.com/markets/kxsol15m-26aug160045,2026-08-16T19:49:45Z
kalshi,KXSOL15M-26AUG160030-30,SOL price up in next 15 mins?,Target Price: $75.4903,yes,2026-08-16T04:30:02.382994Z,2026-08-16T04:30:00Z,0.999,,,28118.53,https://kalshi.com/markets/kxsol15m-26aug160030,2026-08-16T19:49:45Z
kalshi,KXSOL15M-26AUG160015-15,SOL price up in next 15 mins?,Target Price: $75.5157,no,2026-08-16T04:15:02.352293Z,2026-08-16T04:15:00Z,0.001,,,21334.79,https://kalshi.com/markets/kxsol15m-26aug160015,2026-08-16T19:49:45Z
kalshi,KXETH15M-26AUG161545-45,ETH price up in next 15 mins?,"Target Price: $1,886.11",no,2026-08-16T19:45:12.354282Z,2026-08-16T19:45:00Z,0.001,,,55120.28,https://kalshi.com/markets/kxeth15m-26aug161545,2026-08-16T19:49:45Z
kalshi,KXETH15M-26AUG161530-30,ETH price up in next 15 mins?,"Target Price: $1,885.10",yes,2026-08-16T19:30:02.380995Z,2026-08-16T19:30:00Z,0.999,,,147748.14,https://kalshi.com/markets/kxeth15m-26aug161530,2026-08-16T19:49:45Z
kalshi,KXETH15M-26AUG161515-15,ETH price up in next 15 mins?,"Target Price: $1,883.97",yes,2026-08-16T19:15:02.352427Z,2026-08-16T19:15:00Z,0.999,,,77311.93,https://kalshi.com/markets/kxeth15m-26aug161515,2026-08-16T19:49:45Z
kalshi,KXETH15M-26AUG161500-00,ETH price up in next 15 mins?,"Target Price: $1,883.67",yes,2026-08-16T19:00:02.36087Z,2026-08-16T19:00:00Z,0.999,,,121960.84,https://kalshi.com/markets/kxeth15m-26aug161500,2026-08-16T19:49:45Z
kalshi,KXETH15M-26AUG161445-45,ETH price up in next 15 mins?,"Target Price: $1,884.34",no,2026-08-16T18:45:12.348397Z,2026-08-16T18:45:00Z,0.001,,,49384.28,https://kalshi.com/markets/kxeth15m-26aug161445,2026-08-16T19:49:45Z
kalshi,KXETH15M-26AUG161430-30,ETH price up in next 15 mins?,"Target Price: $1,882.74",yes,2026-08-16T18:30:02.356542Z,2026-08-16T18:30:00Z,0.999,,,57875.99,https://kalshi.com/markets/kxeth15m-26aug161430,2026-08-16T19:49:45Z
kalshi,KXETH15M-26AUG161415-15,ETH price up in next 15 mins?,"Target Price: $1,883.54",no,2026-08-16T18:15:12.358266Z,2026-08-16T18:15:00Z,0.001,,,132357.23,https://kalshi.com/markets/kxeth15m-26aug161415,2026-08-16T19:49:45Z
kalshi,KXETH15M-26AUG161400-00,ETH price up in next 15 mins?,"Target Price: $1,883.69",no,2026-08-16T18:00:02.60679Z,2026-08-16T18:00:00Z,0.001,,,133092.6,https://kalshi.com/markets/kxeth15m-26aug161400,2026-08-16T19:49:45Z
kalshi,KXETH15M-26AUG161345-45,ETH price up in next 15 mins?,"Target Price: $1,885.55",no,2026-08-16T17:45:12.350145Z,2026-08-16T17:45:00Z,0.001,,,69674.04,https://kalshi.com/markets/kxeth15m-26aug161345,2026-08-16T19:49:45Z
kalshi,KXETH15M-26AUG161330-30,ETH price up in next 15 mins?,"Target Price: $1,886.37",no,2026-08-16T17:30:02.35674Z,2026-08-16T17:30:00Z,0.001,,,76111.48,https://kalshi.com/markets/kxeth15m-26aug161330,2026-08-16T19:49:45Z
kalshi,KXETH15M-26AUG161315-15,ETH price up in next 15 mins?,"Target Price: $1,887.71",no,2026-08-16T17:15:12.352475Z,2026-08-16T17:15:00Z,0.001,,,118388.65,https://kalshi.com/markets/kxeth15m-26aug161315,2026-08-16T19:49:45Z
kalshi,KXETH15M-26AUG161300-00,ETH price up in next 15 mins?,"Target Price: $1,888.56",no,2026-08-16T17:00:02.354139Z,2026-08-16T17:00:00Z,0.001,,,82733.5,https://kalshi.com/markets/kxeth15m-26aug161300,2026-08-16T19:49:45Z
kalshi,KXETH15M-26AUG161245-45,ETH price up in next 15 mins?,"Target Price: $1,886.50",yes,2026-08-16T16:45:12.353885Z,2026-08-16T16:45:00Z,0.999,,,69999.09,https://kalshi.com/markets/kxeth15m-26aug161245,2026-08-16T19:49:45Z
kalshi,KXETH15M-26AUG161230-30,ETH price up in next 15 mins?,"Target Price: $1,883.87",yes,2026-08-16T16:30:02.37579Z,2026-08-16T16:30:00Z,0.999,,,89341.51,https://kalshi.com/markets/kxeth15m-26aug161230,2026-08-16T19:49:45Z
kalshi,KXETH15M-26AUG161215-15,ETH price up in next 15 mins?,"Target Price: $1,882.74",yes,2026-08-16T16:15:02.35339Z,2026-08-16T16:15:00Z,0.999,,,100142.44,https://kalshi.com/markets/kxeth15m-26aug161215,2026-08-16T19:49:45Z
kalshi,KXETH15M-26AUG161200-00,ETH price up in next 15 mins?,"Target Price: $1,881.78",yes,2026-08-16T16:00:02.45325Z,2026-08-16T16:00:00Z,0.999,,,66652.68,https://kalshi.com/markets/kxeth15m-26aug161200,2026-08-16T19:49:45Z
kalshi,KXETH15M-26AUG161145-45,ETH price up in next 15 mins?,"Target Price: $1,882.32",no,2026-08-16T15:45:12.377292Z,2026-08-16T15:45:00Z,0.001,,,157188.01,https://kalshi.com/markets/kxeth15m-26aug161145,2026-08-16T19:49:45Z
kalshi,KXETH15M-26AUG161130-30,ETH price up in next 15 mins?,"Target Price: $1,881.83",yes,2026-08-16T15:30:02.348513Z,2026-08-16T15:30:00Z,0.999,,,60535.14,https://kalshi.com/markets/kxeth15m-26aug161130,2026-08-16T19:49:45Z
kalshi,KXETH15M-26AUG161115-15,ETH price up in next 15 mins?,"Target Price: $1,881.72",yes,2026-08-16T15:15:02.601092Z,2026-08-16T15:15:00Z,0.999,,,95823.26,https://kalshi.com/markets/kxeth15m-26aug161115,2026-08-16T19:49:45Z
kalshi,KXETH15M-26AUG161100-00,ETH price up in next 15 mins?,"Target Price: $1,881.05",yes,2026-08-16T15:00:02.651798Z,2026-08-16T15:00:00Z,0.999,,,47920.39,https://kalshi.com/markets/kxeth15m-26aug161100,2026-08-16T19:49:45Z
kalshi,KXETH15M-26AUG161045-45,ETH price up in next 15 mins?,"Target Price: $1,880.73",yes,2026-08-16T14:45:12.375636Z,2026-08-16T14:45:00Z,0.999,,,71767.51,https://kalshi.com/markets/kxeth15m-26aug161045,2026-08-16T19:49:45Z
kalshi,KXETH15M-26AUG161030-30,ETH price up in next 15 mins?,"Target Price: $1,880.77",no,2026-08-16T14:30:02.722056Z,2026-08-16T14:30:00Z,0.001,,,149963.65,https://kalshi.com/markets/kxeth15m-26aug161030,2026-08-16T19:49:45Z
kalshi,KXETH15M-26AUG161015-15,ETH price up in next 15 mins?,"Target Price: $1,880.01",yes,2026-08-16T14:15:12.356306Z,2026-08-16T14:15:00Z,0.999,,,54828.52,https://kalshi.com/markets/kxeth15m-26aug161015,2026-08-16T19:49:45Z
kalshi,KXETH15M-26AUG161000-00,ETH price up in next 15 mins?,"Target Price: $1,879.63",yes,2026-08-16T14:00:02.375181Z,2026-08-16T14:00:00Z,0.965,,,85153.93,https://kalshi.com/markets/kxeth15m-26aug161000,2026-08-16T19:49:45Z
kalshi,KXETH15M-26AUG160945-45,ETH price up in next 15 mins?,"Target Price: $1,879.17",yes,2026-08-16T13:45:12.371676Z,2026-08-16T13:45:00Z,0.999,,,65072.52,https://kalshi.com/markets/kxeth15m-26aug160945,2026-08-16T19:49:45Z
kalshi,KXETH15M-26AUG160930-30,ETH price up in next 15 mins?,"Target Price: $1,879.06",yes,2026-08-16T13:30:02.353068Z,2026-08-16T13:30:00Z,0.999,,,66339.71,https://kalshi.com/markets/kxeth15m-26aug160930,2026-08-16T19:49:45Z
kalshi,KXETH15M-26AUG160915-15,ETH price up in next 15 mins?,"Target Price: $1,877.91",yes,2026-08-16T13:15:02.566985Z,2026-08-16T13:15:00Z,0.998,,,35879.33,https://kalshi.com/markets/kxeth15m-26aug160915,2026-08-16T19:49:45Z
kalshi,KXETH15M-26AUG160900-00,ETH price up in next 15 mins?,"Target Price: $1,877.77",yes,2026-08-16T13:00:02.355786Z,2026-08-16T13:00:00Z,0.999,,,50693.76,https://kalshi.com/markets/kxeth15m-26aug160900,2026-08-16T19:49:45Z
kalshi,KXETH15M-26AUG160845-45,ETH price up in next 15 mins?,"Target Price: $1,878.90",no,2026-08-16T12:45:12.349143Z,2026-08-16T12:45:00Z,0.001,,,42069.3,https://kalshi.com/markets/kxeth15m-26aug160845,2026-08-16T19:49:45Z
kalshi,KXETH15M-26AUG160830-30,ETH price up in next 15 mins?,"Target Price: $1,878.75",yes,2026-08-16T12:30:02.350042Z,2026-08-16T12:30:00Z,0.999,,,59156.32,https://kalshi.com/markets/kxeth15m-26aug160830,2026-08-16T19:49:45Z
kalshi,KXETH15M-26AUG160815-15,ETH price up in next 15 mins?,"Target Price: $1,879.07",no,2026-08-16T12:15:12.34915Z,2026-08-16T12:15:00Z,0.001,,,57402.59,https://kalshi.com/markets/kxeth15m-26aug160815,2026-08-16T19:49:45Z
kalshi,KXETH15M-26AUG160800-00,ETH price up in next 15 mins?,"Target Price: $1,878.76",yes,2026-08-16T12:00:02.352016Z,2026-08-16T12:00:00Z,0.999,,,54323.66,https://kalshi.com/markets/kxeth15m-26aug160800,2026-08-16T19:49:45Z
kalshi,KXETH15M-26AUG160745-45,ETH price up in next 15 mins?,"Target Price: $1,878.90",no,2026-08-16T11:45:12.350845Z,2026-08-16T11:45:00Z,0.001,,,70430.6,https://kalshi.com/markets/kxeth15m-26aug160745,2026-08-16T19:49:45Z
kalshi,KXETH15M-26AUG160730-30,ETH price up in next 15 mins?,"Target Price: $1,879.48",no,2026-08-16T11:30:02.662124Z,2026-08-16T11:30:00Z,0.001,,,40148.34,https://kalshi.com/markets/kxeth15m-26aug160730,2026-08-16T19:49:45Z
kalshi,KXETH15M-26AUG160715-15,ETH price up in next 15 mins?,"Target Price: $1,879.16",yes,2026-08-16T11:15:02.348476Z,2026-08-16T11:15:00Z,0.999,,,43937.13,https://kalshi.com/markets/kxeth15m-26aug160715,2026-08-16T19:49:45Z
kalshi,KXETH15M-26AUG160700-00,ETH price up in next 15 mins?,"Target Price: $1,879.02",yes,2026-08-16T11:00:02.34812Z,2026-08-16T11:00:00Z,0.999,,,43734.42,https://kalshi.com/markets/kxeth15m-26aug160700,2026-08-16T19:49:45Z
kalshi,KXETH15M-26AUG160645-45,ETH price up in next 15 mins?,"Target Price: $1,878.91",yes,2026-08-16T10:45:12.361969Z,2026-08-16T10:45:00Z,0.999,,,58325.46,https://kalshi.com/markets/kxeth15m-26aug160645,2026-08-16T19:49:45Z
kalshi,KXETH15M-26AUG160630-30,ETH price up in next 15 mins?,"Target Price: $1,878.14",yes,2026-08-16T10:30:02.350242Z,2026-08-16T10:30:00Z,0.999,,,29499.3,https://kalshi.com/markets/kxeth15m-26aug160630,2026-08-16T19:49:45Z
kalshi,KXETH15M-26AUG160615-15,ETH price up in next 15 mins?,"Target Price: $1,878.55",no,2026-08-16T10:15:02.349066Z,2026-08-16T10:15:00Z,0.001,,,89243.69,https://kalshi.com/markets/kxeth15m-26aug160615,2026-08-16T19:49:45Z
kalshi,KXETH15M-26AUG160600-00,ETH price up in next 15 mins?,"Target Price: $1,878.21",yes,2026-08-16T10:00:02.345585Z,2026-08-16T10:00:00Z,0.999,,,55062.2,https://kalshi.com/markets/kxeth15m-26aug160600,2026-08-16T19:49:45Z
kalshi,KXETH15M-26AUG160545-45,ETH price up in next 15 mins?,"Target Price: $1,879.93",no,2026-08-16T09:45:12.362761Z,2026-08-16T09:45:00Z,0.001,,,54940.75,https://kalshi.com/markets/kxeth15m-26aug160545,2026-08-16T19:49:45Z
kalshi,KXETH15M-26AUG160530-30,ETH price up in next 15 mins?,"Target Price: $1,879.98",no,2026-08-16T09:30:02.347922Z,2026-08-16T09:30:00Z,0.001,,,82334.05,https://kalshi.com/markets/kxeth15m-26aug160530,2026-08-16T19:49:45Z
kalshi,KXETH15M-26AUG160515-15,ETH price up in next 15 mins?,"Target Price: $1,879.11",yes,2026-08-16T09:15:12.345612Z,2026-08-16T09:15:00Z,0.999,,,57973.27,https://kalshi.com/markets/kxeth15m-26aug160515,2026-08-16T19:49:45Z
kalshi,KXETH15M-26AUG160500-00,ETH price up in next 15 mins?,"Target Price: $1,878.73",yes,2026-08-16T09:00:02.347001Z,2026-08-16T09:00:00Z,0.999,,,53613.12,https://kalshi.com/markets/kxeth15m-26aug160500,2026-08-16T19:49:45Z
kalshi,KXETH15M-26AUG160445-45,ETH price up in next 15 mins?,"Target Price: $1,878.96",no,2026-08-16T08:45:12.370286Z,2026-08-16T08:45:00Z,0.001,,,94295.69,https://kalshi.com/markets/kxeth15m-26aug160445,2026-08-16T19:49:45Z
kalshi,KXETH15M-26AUG160430-30,ETH price up in next 15 mins?,"Target Price: $1,879.00",no,2026-08-16T08:30:02.350397Z,2026-08-16T08:30:00Z,0.001,,,91158.93,https://kalshi.com/markets/kxeth15m-26aug160430,2026-08-16T19:49:45Z
kalshi,KXETH15M-26AUG160415-15,ETH price up in next 15 mins?,"Target Price: $1,879.66",no,2026-08-16T08:15:12.348088Z,2026-08-16T08:15:00Z,0.001,,,52933.3,https://kalshi.com/markets/kxeth15m-26aug160415,2026-08-16T19:49:45Z
kalshi,KXETH15M-26AUG160400-00,ETH price up in next 15 mins?,"Target Price: $1,879.26",yes,2026-08-16T08:00:02.347398Z,2026-08-16T08:00:00Z,0.999,,,54225.51,https://kalshi.com/markets/kxeth15m-26aug160400,2026-08-16T19:49:45Z
kalshi,KXETH15M-26AUG160345-45,ETH price up in next 15 mins?,"Target Price: $1,879.57",no,2026-08-16T07:45:12.34777Z,2026-08-16T07:45:00Z,0.001,,,55730.74,https://kalshi.com/markets/kxeth15m-26aug160345,2026-08-16T19:49:45Z
kalshi,KXETH15M-26AUG160330-30,ETH price up in next 15 mins?,"Target Price: $1,878.76",yes,2026-08-16T07:30:02.350961Z,2026-08-16T07:30:00Z,0.999,,,60523.11,https://kalshi.com/markets/kxeth15m-26aug160330,2026-08-16T19:49:45Z
kalshi,KXETH15M-26AUG160315-15,ETH price up in next 15 mins?,"Target Price: $1,878.93",no,2026-08-16T07:15:02.423575Z,2026-08-16T07:15:00Z,0.001,,,85164.07,https://kalshi.com/markets/kxeth15m-26aug160315,2026-08-16T19:49:45Z
kalshi,KXETH15M-26AUG160300-00,ETH price up in next 15 mins?,"Target Price: $1,878.80",yes,2026-08-16T07:00:02.350058Z,2026-08-16T07:00:00Z,0.999,,,75885.0,https://kalshi.com/markets/kxeth15m-26aug160300,2026-08-16T19:49:45Z
kalshi,KXETH15M-26AUG160245-45,ETH price up in next 15 mins?,"Target Price: $1,878.22",yes,2026-08-16T06:45:12.352879Z,2026-08-16T06:45:00Z,0.999,,,86803.15,https://kalshi.com/markets/kxeth15m-26aug160245,2026-08-16T19:49:45Z
kalshi,KXETH15M-26AUG160230-30,ETH price up in next 15 mins?,"Target Price: $1,878.46",no,2026-08-16T06:30:02.352352Z,2026-08-16T06:30:00Z,0.001,,,89793.46,https://kalshi.com/markets/kxeth15m-26aug160230,2026-08-16T19:49:45Z
kalshi,KXETH15M-26AUG160215-15,ETH price up in next 15 mins?,"Target Price: $1,878.53",no,2026-08-16T06:15:12.375583Z,2026-08-16T06:15:00Z,0.001,,,107325.92,https://kalshi.com/markets/kxeth15m-26aug160215,2026-08-16T19:49:45Z
kalshi,KXETH15M-26AUG160200-00,ETH price up in next 15 mins?,"Target Price: $1,879.14",no,2026-08-16T06:00:02.349658Z,2026-08-16T06:00:00Z,0.001,,,91401.64,https://kalshi.com/markets/kxeth15m-26aug160200,2026-08-16T19:49:45Z
kalshi,KXETH15M-26AUG160145-45,ETH price up in next 15 mins?,"Target Price: $1,879.05",yes,2026-08-16T05:45:12.353728Z,2026-08-16T05:45:00Z,0.999,,,84541.23,https://kalshi.com/markets/kxeth15m-26aug160145,2026-08-16T19:49:45Z
kalshi,KXETH15M-26AUG160130-30,ETH price up in next 15 mins?,"Target Price: $1,880.07",no,2026-08-16T05:30:02.356728Z,2026-08-16T05:30:00Z,0.001,,,69890.29,https://kalshi.com/markets/kxeth15m-26aug160130,2026-08-16T19:49:45Z
kalshi,KXETH15M-26AUG160115-15,ETH price up in next 15 mins?,"Target Price: $1,880.00",yes,2026-08-16T05:15:12.354737Z,2026-08-16T05:15:00Z,0.999,,,137044.51,https://kalshi.com/markets/kxeth15m-26aug160115,2026-08-16T19:49:45Z
kalshi,KXETH15M-26AUG160100-00,ETH price up in next 15 mins?,"Target Price: $1,880.95",no,2026-08-16T05:00:02.352087Z,2026-08-16T05:00:00Z,0.001,,,112738.75,https://kalshi.com/markets/kxeth15m-26aug160100,2026-08-16T19:49:45Z
kalshi,KXETH15M-26AUG160045-45,ETH price up in next 15 mins?,"Target Price: $1,882.59",no,2026-08-16T04:45:12.355335Z,2026-08-16T04:45:00Z,0.001,,,102672.82,https://kalshi.com/markets/kxeth15m-26aug160045,2026-08-16T19:49:45Z
kalshi,KXETH15M-26AUG160030-30,ETH price up in next 15 mins?,"Target Price: $1,881.31",yes,2026-08-16T04:30:02.382149Z,2026-08-16T04:30:00Z,0.999,,,88001.7,https://kalshi.com/markets/kxeth15m-26aug160030,2026-08-16T19:49:45Z
kalshi,KXETH15M-26AUG160015-15,ETH price up in next 15 mins?,"Target Price: $1,881.50",no,2026-08-16T04:15:02.358887Z,2026-08-16T04:15:00Z,0.001,,,105373.13,https://kalshi.com/markets/kxeth15m-26aug160015,2026-08-16T19:49:45Z
kalshi,KXBTC15M-26AUG161545-45,BTC price up in next 15 mins?,"Target Price: $63,153.87",no,2026-08-16T19:45:12.388781Z,2026-08-16T19:45:00Z,0.001,,,1336373.76,https://kalshi.com/markets/kxbtc15m-26aug161545,2026-08-16T19:49:45Z
kalshi,KXBTC15M-26AUG161530-30,BTC price up in next 15 mins?,"Target Price: $63,112.89",yes,2026-08-16T19:30:02.377769Z,2026-08-16T19:30:00Z,0.999,,,1592161.81,https://kalshi.com/markets/kxbtc15m-26aug161530,2026-08-16T19:49:45Z
kalshi,KXBTC15M-26AUG161515-15,BTC price up in next 15 mins?,"Target Price: $63,078.77",yes,2026-08-16T19:15:02.378704Z,2026-08-16T19:15:00Z,0.999,,,1449517.47,https://kalshi.com/markets/kxbtc15m-26aug161515,2026-08-16T19:49:45Z
kalshi,KXBTC15M-26AUG161500-00,BTC price up in next 15 mins?,"Target Price: $63,081.50",no,2026-08-16T19:00:02.394118Z,2026-08-16T19:00:00Z,0.001,,,1659369.78,https://kalshi.com/markets/kxbtc15m-26aug161500,2026-08-16T19:49:45Z
kalshi,KXBTC15M-26AUG161445-45,BTC price up in next 15 mins?,"Target Price: $63,092.45",no,2026-08-16T18:45:12.381651Z,2026-08-16T18:45:00Z,0.001,,,1590734.11,https://kalshi.com/markets/kxbtc15m-26aug161445,2026-08-16T19:49:45Z
kalshi,KXBTC15M-26AUG161430-30,BTC price up in next 15 mins?,"Target Price: $63,074.42",yes,2026-08-16T18:30:02.385681Z,2026-08-16T18:30:00Z,0.999,,,1540977.56,https://kalshi.com/markets/kxbtc15m-26aug161430,2026-08-16T19:49:45Z
kalshi,KXBTC15M-26AUG161415-15,BTC price up in next 15 mins?,"Target Price: $63,090.61",no,2026-08-16T18:15:12.388397Z,2026-08-16T18:15:00Z,0.001,,,2337416.02,https://kalshi.com/markets/kxbtc15m-26aug161415,2026-08-16T19:49:45Z
kalshi,KXBTC15M-26AUG161400-00,BTC price up in next 15 mins?,"Target Price: $63,077.19",yes,2026-08-16T18:00:02.637989Z,2026-08-16T18:00:00Z,0.999,,,1681471.56,https://kalshi.com/markets/kxbtc15m-26aug161400,2026-08-16T19:49:45Z
kalshi,KXBTC15M-26AUG161345-45,BTC price up in next 15 mins?,"Target Price: $63,130.02",no,2026-08-16T17:45:12.380932Z,2026-08-16T17:45:00Z,0.001,,,1966225.79,https://kalshi.com/markets/kxbtc15m-26aug161345,2026-08-16T19:49:45Z
kalshi,KXBTC15M-26AUG161330-30,BTC price up in next 15 mins?,"Target Price: $63,155.57",no,2026-08-16T17:30:02.384822Z,2026-08-16T17:30:00Z,0.001,,,1859335.39,https://kalshi.com/markets/kxbtc15m-26aug161330,2026-08-16T19:49:45Z
kalshi,KXBTC15M-26AUG161315-15,BTC price up in next 15 mins?,"Target Price: $63,191.92",no,2026-08-16T17:15:12.38344Z,2026-08-16T17:15:00Z,0.001,,,2000543.25,https://kalshi.com/markets/kxbtc15m-26aug161315,2026-08-16T19:49:45Z
kalshi,KXBTC15M-26AUG161300-00,BTC price up in next 15 mins?,"Target Price: $63,227.66",no,2026-08-16T17:00:02.387865Z,2026-08-16T17:00:00Z,0.001,,,1848172.2,https://kalshi.com/markets/kxbtc15m-26aug161300,2026-08-16T19:49:45Z
kalshi,KXBTC15M-26AUG161245-45,BTC price up in next 15 mins?,"Target Price: $63,260.46",no,2026-08-16T16:45:12.384983Z,2026-08-16T16:45:00Z,0.001,,,2560654.22,https://kalshi.com/markets/kxbtc15m-26aug161245,2026-08-16T19:49:45Z
kalshi,KXBTC15M-26AUG161230-30,BTC price up in next 15 mins?,"Target Price: $63,139.21",yes,2026-08-16T16:30:02.37097Z,2026-08-16T16:30:00Z,0.999,,,2160116.94,https://kalshi.com/markets/kxbtc15m-26aug161230,2026-08-16T19:49:45Z
kalshi,KXBTC15M-26AUG161215-15,BTC price up in next 15 mins?,"Target Price: $63,072.82",yes,2026-08-16T16:15:12.377306Z,2026-08-16T16:15:00Z,0.999,,,2075996.73,https://kalshi.com/markets/kxbtc15m-26aug161215,2026-08-16T19:49:45Z
kalshi,KXBTC15M-26AUG161200-00,BTC price up in next 15 mins?,"Target Price: $63,054.92",yes,2026-08-16T16:00:02.484619Z,2026-08-16T16:00:00Z,0.999,,,2073546.83,https://kalshi.com/markets/kxbtc15m-26aug161200,2026-08-16T19:49:45Z
kalshi,KXBTC15M-26AUG161145-45,BTC price up in next 15 mins?,"Target Price: $63,046.20",yes,2026-08-16T15:45:12.373833Z,2026-08-16T15:45:00Z,0.999,,,1509255.57,https://kalshi.com/markets/kxbtc15m-26aug161145,2026-08-16T19:49:45Z
kalshi,KXBTC15M-26AUG161130-30,BTC price up in next 15 mins?,"Target Price: $63,040.21",yes,2026-08-16T15:30:02.377142Z,2026-08-16T15:30:00Z,0.999,,,1423601.77,https://kalshi.com/markets/kxbtc15m-26aug161130,2026-08-16T19:49:45Z
kalshi,KXBTC15M-26AUG161115-15,BTC price up in next 15 mins?,"Target Price: $63,037.14",yes,2026-08-16T15:15:02.623896Z,2026-08-16T15:15:00Z,0.999,,,1502468.14,https://kalshi.com/markets/kxbtc15m-26aug161115,2026-08-16T19:49:45Z
kalshi,KXBTC15M-26AUG161100-00,BTC price up in next 15 mins?,"Target Price: $63,030.40",yes,2026-08-16T15:00:02.678033Z,2026-08-16T15:00:00Z,0.999,,,1383080.06,https://kalshi.com/markets/kxbtc15m-26aug161100,2026-08-16T19:49:45Z
kalshi,KXBTC15M-26AUG161045-45,BTC price up in next 15 mins?,"Target Price: $63,017.91",yes,2026-08-16T14:45:12.372764Z,2026-08-16T14:45:00Z,0.999,,,1256797.42,https://kalshi.com/markets/kxbtc15m-26aug161045,2026-08-16T19:49:45Z
kalshi,KXBTC15M-26AUG161030-30,BTC price up in next 15 mins?,"Target Price: $62,994.98",yes,2026-08-16T14:30:02.719572Z,2026-08-16T14:30:00Z,0.999,,,1163521.39,https://kalshi.com/markets/kxbtc15m-26aug161030,2026-08-16T19:49:45Z
kalshi,KXBTC15M-26AUG161015-15,BTC price up in next 15 mins?,"Target Price: $62,994.94",yes,2026-08-16T14:15:12.378926Z,2026-08-16T14:15:00Z,0.999,,,2696440.41,https://kalshi.com/markets/kxbtc15m-26aug161015,2026-08-16T19:49:45Z
kalshi,KXBTC15M-26AUG161000-00,BTC price up in next 15 mins?,"Target Price: $62,996.49",no,2026-08-16T14:00:02.370858Z,2026-08-16T14:00:00Z,0.001,,,1916933.23,https://kalshi.com/markets/kxbtc15m-26aug161000,2026-08-16T19:49:45Z
kalshi,KXBTC15M-26AUG160945-45,BTC price up in next 15 mins?,"Target Price: $62,995.31",yes,2026-08-16T13:45:12.366632Z,2026-08-16T13:45:00Z,0.999,,,1649173.34,https://kalshi.com/markets/kxbtc15m-26aug160945,2026-08-16T19:49:45Z
kalshi,KXBTC15M-26AUG160930-30,BTC price up in next 15 mins?,"Target Price: $62,992.76",yes,2026-08-16T13:30:02.372072Z,2026-08-16T13:30:00Z,0.999,,,1318294.16,https://kalshi.com/markets/kxbtc15m-26aug160930,2026-08-16T19:49:45Z
kalshi,KXBTC15M-26AUG160915-15,BTC price up in next 15 mins?,"Target Price: $62,945.31",yes,2026-08-16T13:15:02.564729Z,2026-08-16T13:15:00Z,0.999,,,795060.69,https://kalshi.com/markets/kxbtc15m-26aug160915,2026-08-16T19:49:45Z
kalshi,KXBTC15M-26AUG160900-00,BTC price up in next 15 mins?,"Target Price: $62,929.17",yes,2026-08-16T13:00:02.369339Z,2026-08-16T13:00:00Z,0.999,,,805588.46,https://kalshi.com/markets/kxbtc15m-26aug160900,2026-08-16T19:49:45Z
kalshi,KXBTC15M-26AUG160845-45,BTC price up in next 15 mins?,"Target Price: $62,948.69",no,2026-08-16T12:45:12.364071Z,2026-08-16T12:45:00Z,0.001,,,859904.26,https://kalshi.com/markets/kxbtc15m-26aug160845,2026-08-16T19:49:45Z
kalshi,KXBTC15M-26AUG160830-30,BTC price up in next 15 mins?,"Target Price: $62,950.27",no,2026-08-16T12:30:02.364297Z,2026-08-16T12:30:00Z,0.001,,,1054630.3,https://kalshi.com/markets/kxbtc15m-26aug160830,2026-08-16T19:49:45Z
kalshi,KXBTC15M-26AUG160815-15,BTC price up in next 15 mins?,"Target Price: $62,938.46",yes,2026-08-16T12:15:12.363364Z,2026-08-16T12:15:00Z,0.999,,,624811.06,https://kalshi.com/markets/kxbtc15m-26aug160815,2026-08-16T19:49:45Z
kalshi,KXBTC15M-26AUG160800-00,BTC price up in next 15 mins?,"Target Price: $62,925.79",yes,2026-08-16T12:00:02.365781Z,2026-08-16T12:00:00Z,0.999,,,897227.6,https://kalshi.com/markets/kxbtc15m-26aug160800,2026-08-16T19:49:45Z
kalshi,KXBTC15M-26AUG160745-45,BTC price up in next 15 mins?,"Target Price: $62,920.65",yes,2026-08-16T11:45:12.363736Z,2026-08-16T11:45:00Z,0.999,,,755672.74,https://kalshi.com/markets/kxbtc15m-26aug160745,2026-08-16T19:49:45Z
kalshi,KXBTC15M-26AUG160730-30,BTC price up in next 15 mins?,"Target Price: $62,940.25",no,2026-08-16T11:30:02.660538Z,2026-08-16T11:30:00Z,0.001,,,774107.37,https://kalshi.com/markets/kxbtc15m-26aug160730,2026-08-16T19:49:45Z
kalshi,KXBTC15M-26AUG160715-15,BTC price up in next 15 mins?,"Target Price: $62,939.59",yes,2026-08-16T11:15:02.362414Z,2026-08-16T11:15:00Z,0.999,,,783949.33,https://kalshi.com/markets/kxbtc15m-26aug160715,2026-08-16T19:49:45Z
kalshi,KXBTC15M-26AUG160700-00,BTC price up in next 15 mins?,"Target Price: $62,941.51",no,2026-08-16T11:00:02.36135Z,2026-08-16T11:00:00Z,0.001,,,605065.59,https://kalshi.com/markets/kxbtc15m-26aug160700,2026-08-16T19:49:45Z
kalshi,KXBTC15M-26AUG160645-45,BTC price up in next 15 mins?,"Target Price: $62,942.11",no,2026-08-16T10:45:12.359857Z,2026-08-16T10:45:00Z,0.001,,,881134.62,https://kalshi.com/markets/kxbtc15m-26aug160645,2026-08-16T19:49:45Z
kalshi,KXBTC15M-26AUG160630-30,BTC price up in next 15 mins?,"Target Price: $62,921.93",yes,2026-08-16T10:30:02.36103Z,2026-08-16T10:30:00Z,0.999,,,668817.49,https://kalshi.com/markets/kxbtc15m-26aug160630,2026-08-16T19:49:45Z
kalshi,KXBTC15M-26AUG160615-15,BTC price up in next 15 mins?,"Target Price: $62,925.16",no,2026-08-16T10:15:12.356921Z,2026-08-16T10:15:00Z,0.001,,,1185407.33,https://kalshi.com/markets/kxbtc15m-26aug160615,2026-08-16T19:49:45Z
kalshi,KXBTC15M-26AUG160600-00,BTC price up in next 15 mins?,"Target Price: $62,932.76",no,2026-08-16T10:00:02.359728Z,2026-08-16T10:00:00Z,0.001,,,1142338.08,https://kalshi.com/markets/kxbtc15m-26aug160600,2026-08-16T19:49:45Z
kalshi,KXBTC15M-26AUG160545-45,BTC price up in next 15 mins?,"Target Price: $63,000.78",no,2026-08-16T09:45:12.36142Z,2026-08-16T09:45:00Z,0.001,,,858783.46,https://kalshi.com/markets/kxbtc15m-26aug160545,2026-08-16T19:49:45Z
kalshi,KXBTC15M-26AUG160530-30,BTC price up in next 15 mins?,"Target Price: $63,002.47",no,2026-08-16T09:30:02.36035Z,2026-08-16T09:30:00Z,0.001,,,931445.78,https://kalshi.com/markets/kxbtc15m-26aug160530,2026-08-16T19:49:45Z
kalshi,KXBTC15M-26AUG160515-15,BTC price up in next 15 mins?,"Target Price: $63,004.24",no,2026-08-16T09:15:12.358591Z,2026-08-16T09:15:00Z,0.001,,,887668.89,https://kalshi.com/markets/kxbtc15m-26aug160515,2026-08-16T19:49:45Z
kalshi,KXBTC15M-26AUG160500-00,BTC price up in next 15 mins?,"Target Price: $63,000.46",yes,2026-08-16T09:00:02.361964Z,2026-08-16T09:00:00Z,0.999,,,747914.74,https://kalshi.com/markets/kxbtc15m-26aug160500,2026-08-16T19:49:45Z
kalshi,KXBTC15M-26AUG160445-45,BTC price up in next 15 mins?,"Target Price: $63,008.22",no,2026-08-16T08:45:12.368568Z,2026-08-16T08:45:00Z,0.001,,,979985.83,https://kalshi.com/markets/kxbtc15m-26aug160445,2026-08-16T19:49:45Z
kalshi,KXBTC15M-26AUG160430-30,BTC price up in next 15 mins?,"Target Price: $62,994.51",yes,2026-08-16T08:30:02.364081Z,2026-08-16T08:30:00Z,0.999,,,905050.32,https://kalshi.com/markets/kxbtc15m-26aug160430,2026-08-16T19:49:45Z
kalshi,KXBTC15M-26AUG160415-15,BTC price up in next 15 mins?,"Target Price: $62,996.65",no,2026-08-16T08:15:12.366532Z,2026-08-16T08:15:00Z,0.001,,,1209850.37,https://kalshi.com/markets/kxbtc15m-26aug160415,2026-08-16T19:49:45Z
kalshi,KXBTC15M-26AUG160400-00,BTC price up in next 15 mins?,"Target Price: $62,991.44",yes,2026-08-16T08:00:02.365464Z,2026-08-16T08:00:00Z,0.999,,,876112.66,https://kalshi.com/markets/kxbtc15m-26aug160400,2026-08-16T19:49:45Z
kalshi,KXBTC15M-26AUG160345-45,BTC price up in next 15 mins?,"Target Price: $62,997.35",no,2026-08-16T07:45:12.367376Z,2026-08-16T07:45:00Z,0.001,,,1238472.74,https://kalshi.com/markets/kxbtc15m-26aug160345,2026-08-16T19:49:45Z
kalshi,KXBTC15M-26AUG160330-30,BTC price up in next 15 mins?,"Target Price: $62,991.40",yes,2026-08-16T07:30:02.368426Z,2026-08-16T07:30:00Z,0.999,,,937414.0,https://kalshi.com/markets/kxbtc15m-26aug160330,2026-08-16T19:49:45Z
kalshi,KXBTC15M-26AUG160315-15,BTC price up in next 15 mins?,"Target Price: $63,003.28",no,2026-08-16T07:15:02.421049Z,2026-08-16T07:15:00Z,0.001,,,989612.93,https://kalshi.com/markets/kxbtc15m-26aug160315,2026-08-16T19:49:45Z
kalshi,KXBTC15M-26AUG160300-00,BTC price up in next 15 mins?,"Target Price: $63,002.32",yes,2026-08-16T07:00:02.376011Z,2026-08-16T07:00:00Z,0.999,,,1390889.61,https://kalshi.com/markets/kxbtc15m-26aug160300,2026-08-16T19:49:45Z
kalshi,KXBTC15M-26AUG160245-45,BTC price up in next 15 mins?,"Target Price: $63,006.08",no,2026-08-16T06:45:12.378253Z,2026-08-16T06:45:00Z,0.001,,,1258914.49,https://kalshi.com/markets/kxbtc15m-26aug160245,2026-08-16T19:49:45Z
kalshi,KXBTC15M-26AUG160230-30,BTC price up in next 15 mins?,"Target Price: $62,997.67",yes,2026-08-16T06:30:02.379192Z,2026-08-16T06:30:00Z,0.999,,,1796951.18,https://kalshi.com/markets/kxbtc15m-26aug160230,2026-08-16T19:49:45Z
kalshi,KXBTC15M-26AUG160215-15,BTC price up in next 15 mins?,"Target Price: $63,005.04",no,2026-08-16T06:15:12.373205Z,2026-08-16T06:15:00Z,0.001,,,1769534.12,https://kalshi.com/markets/kxbtc15m-26aug160215,2026-08-16T19:49:45Z
kalshi,KXBTC15M-26AUG160200-00,BTC price up in next 15 mins?,"Target Price: $62,996.88",yes,2026-08-16T06:00:02.382091Z,2026-08-16T06:00:00Z,0.999,,,2104927.61,https://kalshi.com/markets/kxbtc15m-26aug160200,2026-08-16T19:49:45Z
kalshi,KXBTC15M-26AUG160145-45,BTC price up in next 15 mins?,"Target Price: $63,006.18",no,2026-08-16T05:45:12.379208Z,2026-08-16T05:45:00Z,0.001,,,1678464.99,https://kalshi.com/markets/kxbtc15m-26aug160145,2026-08-16T19:49:45Z
kalshi,KXBTC15M-26AUG160130-30,BTC price up in next 15 mins?,"Target Price: $63,030.68",no,2026-08-16T05:30:02.380744Z,2026-08-16T05:30:00Z,0.001,,,1360064.67,https://kalshi.com/markets/kxbtc15m-26aug160130,2026-08-16T19:49:45Z
kalshi,KXBTC15M-26AUG160115-15,BTC price up in next 15 mins?,"Target Price: $63,024.95",yes,2026-08-16T05:15:12.380748Z,2026-08-16T05:15:00Z,0.999,,,1720851.72,https://kalshi.com/markets/kxbtc15m-26aug160115,2026-08-16T19:49:45Z
kalshi,KXBTC15M-26AUG160100-00,BTC price up in next 15 mins?,"Target Price: $63,055.60",no,2026-08-16T05:00:02.379178Z,2026-08-16T05:00:00Z,0.001,,,1757220.31,https://kalshi.com/markets/kxbtc15m-26aug160100,2026-08-16T19:49:45Z
kalshi,KXBTC15M-26AUG160045-45,BTC price up in next 15 mins?,"Target Price: $63,084.86",no,2026-08-16T04:45:12.380801Z,2026-08-16T04:45:00Z,0.001,,,1362482.19,https://kalshi.com/markets/kxbtc15m-26aug160045,2026-08-16T19:49:45Z
kalshi,KXBTC15M-26AUG160030-30,BTC price up in next 15 mins?,"Target Price: $63,065.28",yes,2026-08-16T04:30:02.377515Z,2026-08-16T04:30:00Z,0.999,,,1442542.44,https://kalshi.com/markets/kxbtc15m-26aug160030,2026-08-16T19:49:45Z
kalshi,KXBTC15M-26AUG160015-15,BTC price up in next 15 mins?,"Target Price: $63,061.22",yes,2026-08-16T04:15:02.385163Z,2026-08-16T04:15:00Z,0.999,,,1630925.7,https://kalshi.com/markets/kxbtc15m-26aug160015,2026-08-16T19:49:45Z
kalshi,KXTEMPDCH-26AUG1522-T77.99,"Will the temp in Washington DC be above 77.99° on Aug 15, 2026 at 10pm EDT?",78° or above,yes,2026-08-16T03:31:02.409961Z,2026-08-16T02:00:00Z,0.99,,,151.0,https://kalshi.com/markets/kxtempdch-26aug1522,2026-08-16T19:49:45Z
kalshi,KXTEMPLAXH-26AUG1522-T72.99,"Will the temp in Los Angeles be above 72.99° on Aug 15, 2026 at 10pm EDT?",73° or above,no,2026-08-16T03:31:02.412841Z,2026-08-16T02:00:00Z,0.01,,,127.31,https://kalshi.com/markets/kxtemplaxh-26aug1522,2026-08-16T19:49:45Z
kalshi,KXTEMPLAXH-26AUG1522-T71.99,"Will the temp in Los Angeles be above 71.99° on Aug 15, 2026 at 10pm EDT?",72° or above,no,2026-08-16T03:31:02.412841Z,2026-08-16T02:00:00Z,0.01,,,2923.46,https://kalshi.com/markets/kxtemplaxh-26aug1522,2026-08-16T19:49:45Z
kalshi,KXTEMPLAXH-26AUG1522-T70.99,"Will the temp in Los Angeles be above 70.99° on Aug 15, 2026 at 10pm EDT?",71° or above,yes,2026-08-16T03:31:02.412841Z,2026-08-16T02:00:00Z,0.97,,,298.71,https://kalshi.com/markets/kxtemplaxh-26aug1522,2026-08-16T19:49:45Z
kalshi,KXTEMPAUSH-26AUG1522-T93.99,"Will the temp in Austin be above 93.99° on Aug 15, 2026 at 10pm EDT?",94° or above,no,2026-08-16T03:31:02.412631Z,2026-08-16T02:00:00Z,0.01,,,480.0,https://kalshi.com/markets/kxtempaush-26aug1522,2026-08-16T19:49:45Z
kalshi,KXTEMPAUSH-26AUG1522-T92.99,"Will the temp in Austin be above 92.99° on Aug 15, 2026 at 10pm EDT?",93° or above,no,2026-08-16T03:31:02.412631Z,2026-08-16T02:00:00Z,0.01,,,809.09,https://kalshi.com/markets/kxtempaush-26aug1522,2026-08-16T19:49:45Z
kalshi,KXTEMPAUSH-26AUG1522-T91.99,"Will the temp in Austin be above 91.99° on Aug 15, 2026 at 10pm EDT?",92° or above,no,2026-08-16T03:31:02.412631Z,2026-08-16T02:00:00Z,0.01,,,2449.98,https://kalshi.com/markets/kxtempaush-26aug1522,2026-08-16T19:49:45Z
kalshi,KXTEMPAUSH-26AUG1522-T90.99,"Will the temp in Austin be above 90.99° on Aug 15, 2026 at 10pm EDT?",91° or above,yes,2026-08-16T03:31:02.412631Z,2026-08-16T02:00:00Z,0.99,,,849.32,https://kalshi.com/markets/kxtempaush-26aug1522,2026-08-16T19:49:45Z
kalshi,KXTEMPAUSH-26AUG1522-T89.99,"Will the temp in Austin be above 89.99° on Aug 15, 2026 at 10pm EDT?",90° or above,yes,2026-08-16T03:31:02.412631Z,2026-08-16T02:00:00Z,0.99,,,297.61,https://kalshi.com/markets/kxtempaush-26aug1522,2026-08-16T19:49:45Z
kalshi,KXTEMPAUSH-26AUG1522-T85.99,"Will the temp in Austin be above 85.99° on Aug 15, 2026 at 10pm EDT?",86° or above,yes,2026-08-16T03:31:02.412631Z,2026-08-16T02:00:00Z,0.99,,,281.55,https://kalshi.com/markets/kxtempaush-26aug1522,2026-08-16T19:49:45Z
kalshi,KXTEMPNYCH-26AUG1522-T76.99,"Will the temp in New York City be above 76.99° on Aug 15, 2026 at 10pm EDT?",77° or above,no,2026-08-16T03:30:52.398258Z,2026-08-16T02:00:00Z,0.01,,,153.0,https://kalshi.com/markets/kxtempnych-26aug1522,2026-08-16T19:49:45Z
kalshi,KXTEMPNYCH-26AUG1522-T75.99,"Will the temp in New York City be above 75.99° on Aug 15, 2026 at 10pm EDT?",76° or above,no,2026-08-16T03:30:52.398258Z,2026-08-16T02:00:00Z,0.01,,,1563.81,https://kalshi.com/markets/kxtempnych-26aug1522,2026-08-16T19:49:45Z
kalshi,KXTEMPNYCH-26AUG1522-T74.99,"Will the temp in New York City be above 74.99° on Aug 15, 2026 at 10pm EDT?",75° or above,no,2026-08-16T03:30:52.398258Z,2026-08-16T02:00:00Z,0.01,,,1850.16,https://kalshi.com/markets/kxtempnych-26aug1522,2026-08-16T19:49:45Z
kalshi,KXTEMPNYCH-26AUG1522-T73.99,"Will the temp in New York City be above 73.99° on Aug 15, 2026 at 10pm EDT?",74° or above,yes,2026-08-16T03:30:52.398258Z,2026-08-16T02:00:00Z,0.99,,,2804.96,https://kalshi.com/markets/kxtempnych-26aug1522,2026-08-16T19:49:45Z
kalshi,KXTEMPNYCH-26AUG1522-T72.99,"Will the temp in New York City be above 72.99° on Aug 15, 2026 at 10pm EDT?",73° or above,yes,2026-08-16T03:30:52.398258Z,2026-08-16T02:00:00Z,0.99,,,259.0,https://kalshi.com/markets/kxtempnych-26aug1522,2026-08-16T19:49:45Z
kalshi,KXTEMPMIAH-26AUG1522-T87.99,"Will the temp in Miami be above 87.99° on Aug 15, 2026 at 10pm EDT?",88° or above,no,2026-08-16T03:10:52.347585Z,2026-08-16T02:00:00Z,0.02,,,1010.0,https://kalshi.com/markets/kxtempmiah-26aug1522,2026-08-16T19:49:45Z
kalshi,KXTEMPMIAH-26AUG1522-T86.99,"Will the temp in Miami be above 86.99° on Aug 15, 2026 at 10pm EDT?",87° or above,no,2026-08-16T03:10:52.347585Z,2026-08-16T02:00:00Z,0.01,,,3971.43,https://kalshi.com/markets/kxtempmiah-26aug1522,2026-08-16T19:49:45Z
kalshi,KXTEMPMIAH-26AUG1522-T85.99,"Will the temp in Miami be above 85.99° on Aug 15, 2026 at 10pm EDT?",86° or above,no,2026-08-16T03:10:52.347585Z,2026-08-16T02:00:00Z,0.18,,,1758.17,https://kalshi.com/markets/kxtempmiah-26aug1522,2026-08-16T19:49:45Z
kalshi,KXTEMPMIAH-26AUG1522-T84.99,"Will the temp in Miami be above 84.99° on Aug 15, 2026 at 10pm EDT?",85° or above,yes,2026-08-16T03:10:52.347585Z,2026-08-16T02:00:00Z,0.99,,,5272.93,https://kalshi.com/markets/kxtempmiah-26aug1522,2026-08-16T19:49:45Z
kalshi,KXTEMPMIAH-26AUG1522-T83.99,"Will the temp in Miami be above 83.99° on Aug 15, 2026 at 10pm EDT?",84° or above,yes,2026-08-16T03:10:52.347585Z,2026-08-16T02:00:00Z,0.99,,,1744.32,https://kalshi.com/markets/kxtempmiah-26aug1522,2026-08-16T19:49:45Z
kalshi,KXTEMPMIAH-26AUG1522-T82.99,"Will the temp in Miami be above 82.99° on Aug 15, 2026 at 10pm EDT?",83° or above,yes,2026-08-16T03:10:52.347585Z,2026-08-16T02:00:00Z,0.99,,,291.4,https://kalshi.com/markets/kxtempmiah-26aug1522,2026-08-16T19:49:45Z
kalshi,KXTEMPMIAH-26AUG1522-T81.99,"Will the temp in Miami be above 81.99° on Aug 15, 2026 at 10pm EDT?",82° or above,yes,2026-08-16T03:10:52.347585Z,2026-08-16T02:00:00Z,0.99,,,370.74,https://kalshi.com/markets/kxtempmiah-26aug1522,2026-08-16T19:49:45Z
kalshi,KXTEMPMIAH-26AUG1522-T80.99,"Will the temp in Miami be above 80.99° on Aug 15, 2026 at 10pm EDT?",81° or above,yes,2026-08-16T03:10:52.347585Z,2026-08-16T02:00:00Z,0.99,,,271.0,https://kalshi.com/markets/kxtempmiah-26aug1522,2026-08-16T19:49:45Z
kalshi,KXTEMPMIAH-26AUG1522-T78.99,"Will the temp in Miami be above 78.99° on Aug 15, 2026 at 10pm EDT?",79° or above,yes,2026-08-16T03:10:52.347585Z,2026-08-16T02:00:00Z,0.99,,,129.21,https://kalshi.com/markets/kxtempmiah-26aug1522,2026-08-16T19:49:45Z
kalshi,KXTEMPLAXH-26AUG1521-T74.99,"Will the temp in Los Angeles be above 74.99° on Aug 15, 2026 at 9pm EDT?",75° or above,no,2026-08-16T02:31:12.345478Z,2026-08-16T01:00:00Z,0.01,,,106.48,https://kalshi.com/markets/kxtemplaxh-26aug1521,2026-08-16T19:49:45Z
kalshi,KXTEMPLAXH-26AUG1521-T73.99,"Will the temp in Los Angeles be above 73.99° on Aug 15, 2026 at 9pm EDT?",74° or above,no,2026-08-16T02:31:12.345478Z,2026-08-16T01:00:00Z,0.01,,,1305.26,https://kalshi.com/markets/kxtemplaxh-26aug1521,2026-08-16T19:49:45Z
kalshi,KXTEMPLAXH-26AUG1521-T72.99,"Will the temp in Los Angeles be above 72.99° on Aug 15, 2026 at 9pm EDT?",73° or above,yes,2026-08-16T02:31:12.345478Z,2026-08-16T01:00:00Z,0.99,,,2220.41,https://kalshi.com/markets/kxtemplaxh-26aug1521,2026-08-16T19:49:45Z
kalshi,KXTEMPLAXH-26AUG1521-T71.99,"Will the temp in Los Angeles be above 71.99° on Aug 15, 2026 at 9pm EDT?",72° or above,yes,2026-08-16T02:31:12.345478Z,2026-08-16T01:00:00Z,0.99,,,688.57,https://kalshi.com/markets/kxtemplaxh-26aug1521,2026-08-16T19:49:45Z
kalshi,KXTEMPAUSH-26AUG1521-T96.99,"Will the temp in Austin be above 96.99° on Aug 15, 2026 at 9pm EDT?",97° or above,no,2026-08-16T02:31:12.3449Z,2026-08-16T01:00:00Z,0.01,,,2238.6,https://kalshi.com/markets/kxtempaush-26aug1521,2026-08-16T19:49:45Z
kalshi,KXTEMPAUSH-26AUG1521-T95.99,"Will the temp in Austin be above 95.99° on Aug 15, 2026 at 9pm EDT?",96° or above,no,2026-08-16T02:31:12.3449Z,2026-08-16T01:00:00Z,0.01,,,2744.13,https://kalshi.com/markets/kxtempaush-26aug1521,2026-08-16T19:49:45Z
kalshi,KXTEMPAUSH-26AUG1521-T94.99,"Will the temp in Austin be above 94.99° on Aug 15, 2026 at 9pm EDT?",95° or above,yes,2026-08-16T02:31:12.3449Z,2026-08-16T01:00:00Z,0.99,,,583.42,https://kalshi.com/markets/kxtempaush-26aug1521,2026-08-16T19:49:45Z
kalshi,KXTEMPAUSH-26AUG1521-T93.99,"Will the temp in Austin be above 93.99° on Aug 15, 2026 at 9pm EDT?",94° or above,yes,2026-08-16T02:31:12.3449Z,2026-08-16T01:00:00Z,0.26,,,492.13,https://kalshi.com/markets/kxtempaush-26aug1521,2026-08-16T19:49:45Z
kalshi,KXTEMPCHIH-26AUG1521-T78.99,"Will the temp in Chicago be above 78.99° on Aug 15, 2026 at 9pm EDT?",79° or above,yes,2026-08-16T02:31:02.344345Z,2026-08-16T01:00:00Z,0.99,,,374.0,https://kalshi.com/markets/kxtempchih-26aug1521,2026-08-16T19:49:45Z
kalshi,KXTEMPNYCH-26AUG1521-T77.99,"Will the temp in New York City be above 77.99° on Aug 15, 2026 at 9pm EDT?",78° or above,no,2026-08-16T02:31:02.343914Z,2026-08-16T01:00:00Z,0.01,,,259.0,https://kalshi.com/markets/kxtempnych-26aug1521,2026-08-16T19:49:45Z
kalshi,KXTEMPNYCH-26AUG1521-T76.99,"Will the temp in New York City be above 76.99° on Aug 15, 2026 at 9pm EDT?",77° or above,no,2026-08-16T02:31:02.343914Z,2026-08-16T01:00:00Z,0.01,,,577.0,https://kalshi.com/markets/kxtempnych-26aug1521,2026-08-16T19:49:45Z
kalshi,KXTEMPNYCH-26AUG1521-T75.99,"Will the temp in New York City be above 75.99° on Aug 15, 2026 at 9pm EDT?",76° or above,no,2026-08-16T02:31:02.343914Z,2026-08-16T01:00:00Z,0.01,,,2602.25,https://kalshi.com/markets/kxtempnych-26aug1521,2026-08-16T19:49:45Z
kalshi,KXTEMPNYCH-26AUG1521-T74.99,"Will the temp in New York City be above 74.99° on Aug 15, 2026 at 9pm EDT?",75° or above,no,2026-08-16T02:31:02.343914Z,2026-08-16T01:00:00Z,0.01,,,550.32,https://kalshi.com/markets/kxtempnych-26aug1521,2026-08-16T19:49:45Z
kalshi,KXTEMPMIAH-26AUG1521-T88.99,"Will the temp in Miami be above 88.99° on Aug 15, 2026 at 9pm EDT?",89° or above,no,2026-08-16T02:10:42.34979Z,2026-08-16T01:00:00Z,0.01,,,1000.0,https://kalshi.com/markets/kxtempmiah-26aug1521,2026-08-16T19:49:45Z
kalshi,KXTEMPMIAH-26AUG1521-T87.99,"Will the temp in Miami be above 87.99° on Aug 15, 2026 at 9pm EDT?",88° or above,no,2026-08-16T02:10:42.34979Z,2026-08-16T01:00:00Z,0.01,,,2300.0,https://kalshi.com/markets/kxtempmiah-26aug1521,2026-08-16T19:49:45Z
kalshi,KXTEMPMIAH-26AUG1521-T86.99,"Will the temp in Miami be above 86.99° on Aug 15, 2026 at 9pm EDT?",87° or above,no,2026-08-16T02:10:42.34979Z,2026-08-16T01:00:00Z,0.05,,,7243.33,https://kalshi.com/markets/kxtempmiah-26aug1521,2026-08-16T19:49:45Z
kalshi,KXTEMPMIAH-26AUG1521-T85.99,"Will the temp in Miami be above 85.99° on Aug 15, 2026 at 9pm EDT?",86° or above,no,2026-08-16T02:10:42.34979Z,2026-08-16T01:00:00Z,0.93,,,128.55,https://kalshi.com/markets/kxtempmiah-26aug1521,2026-08-16T19:49:45Z
kalshi,KXTEMPMIAH-26AUG1521-T84.99,"Will the temp in Miami be above 84.99° on Aug 15, 2026 at 9pm EDT?",85° or above,yes,2026-08-16T02:10:42.34979Z,2026-08-16T01:00:00Z,0.98,,,4665.6,https://kalshi.com/markets/kxtempmiah-26aug1521,2026-08-16T19:49:45Z
kalshi,KXTEMPMIAH-26AUG1521-T83.99,"Will the temp in Miami be above 83.99° on Aug 15, 2026 at 9pm EDT?",84° or above,yes,2026-08-16T02:10:42.34979Z,2026-08-16T01:00:00Z,0.99,,,4855.91,https://kalshi.com/markets/kxtempmiah-26aug1521,2026-08-16T19:49:45Z
kalshi,KXTEMPMIAH-26AUG1521-T82.99,"Will the temp in Miami be above 82.99° on Aug 15, 2026 at 9pm EDT?",83° or above,yes,2026-08-16T02:10:42.34979Z,2026-08-16T01:00:00Z,0.99,,,292.33,https://kalshi.com/markets/kxtempmiah-26aug1521,2026-08-16T19:49:45Z
kalshi,KXTEMPDCH-26AUG1520-T84.99,"Will the temp in Washington DC be above 84.99° on Aug 15, 2026 at 8pm EDT?",85° or above,no,2026-08-16T01:31:12.347373Z,2026-08-16T00:00:00Z,0.01,,,155.0,https://kalshi.com/markets/kxtempdch-26aug1520,2026-08-16T19:49:45Z
kalshi,KXTEMPLAXH-26AUG1520-T74.99,"Will the temp in Los Angeles be above 74.99° on Aug 15, 2026 at 8pm EDT?",75° or above,no,2026-08-16T01:31:02.345568Z,2026-08-16T00:00:00Z,0.01,,,1193.36,https://kalshi.com/markets/kxtemplaxh-26aug1520,2026-08-16T19:49:45Z
kalshi,KXTEMPLAXH-26AUG1520-T73.99,"Will the temp in Los Angeles be above 73.99° on Aug 15, 2026 at 8pm EDT?",74° or above,no,2026-08-16T01:31:02.345568Z,2026-08-16T00:00:00Z,0.01,,,2154.73,https://kalshi.com/markets/kxtemplaxh-26aug1520,2026-08-16T19:49:45Z
kalshi,KXTEMPLAXH-26AUG1520-T72.99,"Will the temp in Los Angeles be above 72.99° on Aug 15, 2026 at 8pm EDT?",73° or above,yes,2026-08-16T01:31:02.345568Z,2026-08-16T00:00:00Z,0.97,,,125.04,https://kalshi.com/markets/kxtemplaxh-26aug1520,2026-08-16T19:49:45Z
kalshi,KXTEMPAUSH-26AUG1520-T99.99,"Will the temp in Austin be above 99.99° on Aug 15, 2026 at 8pm EDT?",100° or above,no,2026-08-16T01:31:02.344911Z,2026-08-16T00:00:00Z,0.01,,,2605.62,https://kalshi.com/markets/kxtempaush-26aug1520,2026-08-16T19:49:45Z
kalshi,KXTEMPAUSH-26AUG1520-T98.99,"Will the temp in Austin be above 98.99° on Aug 15, 2026 at 8pm EDT?",99° or above,yes,2026-08-16T01:31:02.344911Z,2026-08-16T00:00:00Z,0.99,,,1148.35,https://kalshi.com/markets/kxtempaush-26aug1520,2026-08-16T19:49:45Z
kalshi,KXTEMPAUSH-26AUG1520-T97.99,"Will the temp in Austin be above 97.99° on Aug 15, 2026 at 8pm EDT?",98° or above,yes,2026-08-16T01:31:02.344911Z,2026-08-16T00:00:00Z,0.99,,,351.31,https://kalshi.com/markets/kxtempaush-26aug1520,2026-08-16T19:49:45Z
kalshi,KXTEMPAUSH-26AUG1520-T96.99,"Will the temp in Austin be above 96.99° on Aug 15, 2026 at 8pm EDT?",97° or above,yes,2026-08-16T01:31:02.344911Z,2026-08-16T00:00:00Z,0.99,,,168.0,https://kalshi.com/markets/kxtempaush-26aug1520,2026-08-16T19:49:45Z
kalshi,KXTEMPAUSH-26AUG1520-T100.99,"Will the temp in Austin be above 100.99° on Aug 15, 2026 at 8pm EDT?",101° or above,no,2026-08-16T01:31:02.344911Z,2026-08-16T00:00:00Z,0.01,,,746.67,https://kalshi.com/markets/kxtempaush-26aug1520,2026-08-16T19:49:45Z
kalshi,KXTEMPCHIH-26AUG1520-T79.99,"Will the temp in Chicago be above 79.99° on Aug 15, 2026 at 8pm EDT?",80° or above,no,2026-08-16T01:31:02.343986Z,2026-08-16T00:00:00Z,0.01,,,100.0,https://kalshi.com/markets/kxtempchih-26aug1520,2026-08-16T19:49:45Z
kalshi,KXTEMPNYCH-26AUG1520-T79.99,"Will the temp in New York City be above 79.99° on Aug 15, 2026 at 8pm EDT?",80° or above,no,2026-08-16T01:31:02.346251Z,2026-08-16T00:00:00Z,0.02,,,136.06,https://kalshi.com/markets/kxtempnych-26aug1520,2026-08-16T19:49:45Z
kalshi,KXTEMPNYCH-26AUG1520-T78.99,"Will the temp in New York City be above 78.99° on Aug 15, 2026 at 8pm EDT?",79° or above,no,2026-08-16T01:31:02.346251Z,2026-08-16T00:00:00Z,0.01,,,498.81,https://kalshi.com/markets/kxtempnych-26aug1520,2026-08-16T19:49:45Z
kalshi,KXTEMPNYCH-26AUG1520-T77.99,"Will the temp in New York City be above 77.99° on Aug 15, 2026 at 8pm EDT?",78° or above,no,2026-08-16T01:31:02.346251Z,2026-08-16T00:00:00Z,0.02,,,1619.9,https://kalshi.com/markets/kxtempnych-26aug1520,2026-08-16T19:49:45Z
kalshi,KXTEMPNYCH-26AUG1520-T76.99,"Will the temp in New York City be above 76.99° on Aug 15, 2026 at 8pm EDT?",77° or above,yes,2026-08-16T01:31:02.346251Z,2026-08-16T00:00:00Z,0.99,,,343.19,https://kalshi.com/markets/kxtempnych-26aug1520,2026-08-16T19:49:45Z
kalshi,KXTEMPNYCH-26AUG1520-T75.99,"Will the temp in New York City be above 75.99° on Aug 15, 2026 at 8pm EDT?",76° or above,yes,2026-08-16T01:31:02.346251Z,2026-08-16T00:00:00Z,0.98,,,148.0,https://kalshi.com/markets/kxtempnych-26aug1520,2026-08-16T19:49:45Z
kalshi,KXTEMPMIAH-26AUG1520-T89.99,"Will the temp in Miami be above 89.99° on Aug 15, 2026 at 8pm EDT?",90° or above,no,2026-08-16T01:10:42.344388Z,2026-08-16T00:00:00Z,0.01,,,2250.0,https://kalshi.com/markets/kxtempmiah-26aug1520,2026-08-16T19:49:45Z
kalshi,KXTEMPMIAH-26AUG1520-T88.99,"Will the temp in Miami be above 88.99° on Aug 15, 2026 at 8pm EDT?",89° or above,no,2026-08-16T01:10:42.344388Z,2026-08-16T00:00:00Z,0.01,,,7800.0,https://kalshi.com/markets/kxtempmiah-26aug1520,2026-08-16T19:49:45Z
kalshi,KXTEMPMIAH-26AUG1520-T87.99,"Will the temp in Miami be above 87.99° on Aug 15, 2026 at 8pm EDT?",88° or above,no,2026-08-16T01:10:42.344388Z,2026-08-16T00:00:00Z,0.01,,,9851.6,https://kalshi.com/markets/kxtempmiah-26aug1520,2026-08-16T19:49:45Z
kalshi,KXTEMPMIAH-26AUG1520-T86.99,"Will the temp in Miami be above 86.99° on Aug 15, 2026 at 8pm EDT?",87° or above,yes,2026-08-16T01:10:42.344388Z,2026-08-16T00:00:00Z,0.95,,,696.48,https://kalshi.com/markets/kxtempmiah-26aug1520,2026-08-16T19:49:45Z
kalshi,KXTEMPMIAH-26AUG1520-T85.99,"Will the temp in Miami be above 85.99° on Aug 15, 2026 at 8pm EDT?",86° or above,yes,2026-08-16T01:10:42.344388Z,2026-08-16T00:00:00Z,0.99,,,5616.43,https://kalshi.com/markets/kxtempmiah-26aug1520,2026-08-16T19:49:45Z
kalshi,KXTEMPMIAH-26AUG1520-T84.99,"Will the temp in Miami be above 84.99° on Aug 15, 2026 at 8pm EDT?",85° or above,yes,2026-08-16T01:10:42.344388Z,2026-08-16T00:00:00Z,0.99,,,7669.73,https://kalshi.com/markets/kxtempmiah-26aug1520,2026-08-16T19:49:45Z
kalshi,KXTEMPMIAH-26AUG1520-T83.99,"Will the temp in Miami be above 83.99° on Aug 15, 2026 at 8pm EDT?",84° or above,yes,2026-08-16T01:10:42.344388Z,2026-08-16T00:00:00Z,0.99,,,2606.0,https://kalshi.com/markets/kxtempmiah-26aug1520,2026-08-16T19:49:45Z
kalshi,KXTEMPMIAH-26AUG1520-T82.99,"Will the temp in Miami be above 82.99° on Aug 15, 2026 at 8pm EDT?",83° or above,yes,2026-08-16T01:10:42.344388Z,2026-08-16T00:00:00Z,0.99,,,2307.9,https://kalshi.com/markets/kxtempmiah-26aug1520,2026-08-16T19:49:45Z
kalshi,KXTEMPDCH-26AUG1519-T85.99,"Will the temp in Washington DC be above 85.99° on Aug 15, 2026 at 7pm EDT?",86° or above,no,2026-08-16T00:31:02.44889Z,2026-08-15T23:00:00Z,0.02,,,113.0,https://kalshi.com/markets/kxtempdch-26aug1519,2026-08-16T19:49:45Z
kalshi,KXTEMPDCH-26AUG1519-T84.99,"Will the temp in Washington DC be above 84.99° on Aug 15, 2026 at 7pm EDT?",85° or above,no,2026-08-16T00:31:02.44889Z,2026-08-15T23:00:00Z,0.01,,,937.69,https://kalshi.com/markets/kxtempdch-26aug1519,2026-08-16T19:49:45Z
kalshi,KXTEMPDCH-26AUG1519-T83.99,"Will the temp in Washington DC be above 83.99° on Aug 15, 2026 at 7pm EDT?",84° or above,yes,2026-08-16T00:31:02.44889Z,2026-08-15T23:00:00Z,0.99,,,1124.5,https://kalshi.com/markets/kxtempdch-26aug1519,2026-08-16T19:49:45Z
kalshi,KXTEMPDCH-26AUG1519-T82.99,"Will the temp in Washington DC be above 82.99° on Aug 15, 2026 at 7pm EDT?",83° or above,yes,2026-08-16T00:31:02.44889Z,2026-08-15T23:00:00Z,0.99,,,772.28,https://kalshi.com/markets/kxtempdch-26aug1519,2026-08-16T19:49:45Z
kalshi,KXTEMPLAXH-26AUG1519-T78.99,"Will the temp in Los Angeles be above 78.99° on Aug 15, 2026 at 7pm EDT?",79° or above,no,2026-08-16T00:31:02.448244Z,2026-08-15T23:00:00Z,0.01,,,352.25,https://kalshi.com/markets/kxtemplaxh-26aug1519,2026-08-16T19:49:45Z
kalshi,KXTEMPLAXH-26AUG1519-T76.99,"Will the temp in Los Angeles be above 76.99° on Aug 15, 2026 at 7pm EDT?",77° or above,no,2026-08-16T00:31:02.448244Z,2026-08-15T23:00:00Z,0.01,,,202.0,https://kalshi.com/markets/kxtemplaxh-26aug1519,2026-08-16T19:49:45Z
kalshi,KXTEMPLAXH-26AUG1519-T75.99,"Will the temp in Los Angeles be above 75.99° on Aug 15, 2026 at 7pm EDT?",76° or above,no,2026-08-16T00:31:02.448244Z,2026-08-15T23:00:00Z,0.01,,,2102.57,https://kalshi.com/markets/kxtemplaxh-26aug1519,2026-08-16T19:49:45Z
kalshi,KXTEMPLAXH-26AUG1519-T74.99,"Will the temp in Los Angeles be above 74.99° on Aug 15, 2026 at 7pm EDT?",75° or above,yes,2026-08-16T00:31:02.448244Z,2026-08-15T23:00:00Z,0.99,,,680.91,https://kalshi.com/markets/kxtemplaxh-26aug1519,2026-08-16T19:49:45Z
kalshi,KXTEMPLAXH-26AUG1519-T73.99,"Will the temp in Los Angeles be above 73.99° on Aug 15, 2026 at 7pm EDT?",74° or above,yes,2026-08-16T00:31:02.448244Z,2026-08-15T23:00:00Z,0.99,,,285.02,https://kalshi.com/markets/kxtemplaxh-26aug1519,2026-08-16T19:49:45Z
kalshi,KXTEMPAUSH-26AUG1519-T99.99,"Will the temp in Austin be above 99.99° on Aug 15, 2026 at 7pm EDT?",100° or above,yes,2026-08-16T00:31:02.447521Z,2026-08-15T23:00:00Z,0.99,,,630.58,https://kalshi.com/markets/kxtempaush-26aug1519,2026-08-16T19:49:45Z
kalshi,KXTEMPAUSH-26AUG1519-T98.99,"Will the temp in Austin be above 98.99° on Aug 15, 2026 at 7pm EDT?",99° or above,yes,2026-08-16T00:31:02.447521Z,2026-08-15T23:00:00Z,0.99,,,151.0,https://kalshi.com/markets/kxtempaush-26aug1519,2026-08-16T19:49:45Z
kalshi,KXTEMPAUSH-26AUG1519-T102.99,"Will the temp in Austin be above 102.99° on Aug 15, 2026 at 7pm EDT?",103° or above,no,2026-08-16T00:31:02.447521Z,2026-08-15T23:00:00Z,0.02,,,452.54,https://kalshi.com/markets/kxtempaush-26aug1519,2026-08-16T19:49:45Z
kalshi,KXTEMPAUSH-26AUG1519-T101.99,"Will the temp in Austin be above 101.99° on Aug 15, 2026 at 7pm EDT?",102° or above,no,2026-08-16T00:31:02.447521Z,2026-08-15T23:00:00Z,0.01,,,1481.02,https://kalshi.com/markets/kxtempaush-26aug1519,2026-08-16T19:49:45Z
kalshi,KXTEMPAUSH-26AUG1519-T100.99,"Will the temp in Austin be above 100.99° on Aug 15, 2026 at 7pm EDT?",101° or above,yes,2026-08-16T00:31:02.447521Z,2026-08-15T23:00:00Z,0.99,,,3114.9,https://kalshi.com/markets/kxtempaush-26aug1519,2026-08-16T19:49:45Z
kalshi,KXTEMPCHIH-26AUG1519-T79.99,"Will the temp in Chicago be above 79.99° on Aug 15, 2026 at 7pm EDT?",80° or above,no,2026-08-16T00:31:02.446651Z,2026-08-15T23:00:00Z,0.01,,,533.09,https://kalshi.com/markets/kxtempchih-26aug1519,2026-08-16T19:49:45Z
kalshi,KXTEMPCHIH-26AUG1519-T78.99,"Will the temp in Chicago be above 78.99° on Aug 15, 2026 at 7pm EDT?",79° or above,no,2026-08-16T00:31:02.446651Z,2026-08-15T23:00:00Z,0.01,,,684.75,https://kalshi.com/markets/kxtempchih-26aug1519,2026-08-16T19:49:45Z
kalshi,KXTEMPCHIH-26AUG1519-T77.99,"Will the temp in Chicago be above 77.99° on Aug 15, 2026 at 7pm EDT?",78° or above,yes,2026-08-16T00:31:02.446651Z,2026-08-15T23:00:00Z,0.99,,,135.9,https://kalshi.com/markets/kxtempchih-26aug1519,2026-08-16T19:49:45Z
kalshi,KXTEMPCHIH-26AUG1519-T76.99,"Will the temp in Chicago be above 76.99° on Aug 15, 2026 at 7pm EDT?",77° or above,yes,2026-08-16T00:31:02.446651Z,2026-08-15T23:00:00Z,0.99,,,145.0,https://kalshi.com/markets/kxtempchih-26aug1519,2026-08-16T19:49:45Z
kalshi,KXTEMPNYCH-26AUG1519-T81.99,"Will the temp in New York City be above 81.99° on Aug 15, 2026 at 7pm EDT?",82° or above,no,2026-08-16T00:31:02.446154Z,2026-08-15T23:00:00Z,0.01,,,368.37,https://kalshi.com/markets/kxtempnych-26aug1519,2026-08-16T19:49:45Z
kalshi,KXTEMPNYCH-26AUG1519-T80.99,"Will the temp in New York City be above 80.99° on Aug 15, 2026 at 7pm EDT?",81° or above,no,2026-08-16T00:31:02.446154Z,2026-08-15T23:00:00Z,0.01,,,812.78,https://kalshi.com/markets/kxtempnych-26aug1519,2026-08-16T19:49:45Z
kalshi,KXTEMPNYCH-26AUG1519-T79.99,"Will the temp in New York City be above 79.99° on Aug 15, 2026 at 7pm EDT?",80° or above,no,2026-08-16T00:31:02.446154Z,2026-08-15T23:00:00Z,0.01,,,649.34,https://kalshi.com/markets/kxtempnych-26aug1519,2026-08-16T19:49:45Z
kalshi,KXTEMPNYCH-26AUG1519-T78.99,"Will the temp in New York City be above 78.99° on Aug 15, 2026 at 7pm EDT?",79° or above,yes,2026-08-16T00:31:02.446154Z,2026-08-15T23:00:00Z,0.99,,,155.01,https://kalshi.com/markets/kxtempnych-26aug1519,2026-08-16T19:49:45Z
kalshi,KXTEMPNYCH-26AUG1519-T77.99,"Will the temp in New York City be above 77.99° on Aug 15, 2026 at 7pm EDT?",78° or above,yes,2026-08-16T00:31:02.446154Z,2026-08-15T23:00:00Z,0.99,,,152.0,https://kalshi.com/markets/kxtempnych-26aug1519,2026-08-16T19:49:45Z
kalshi,KXTEMPNYCH-26AUG1519-T76.99,"Will the temp in New York City be above 76.99° on Aug 15, 2026 at 7pm EDT?",77° or above,yes,2026-08-16T00:31:02.446154Z,2026-08-15T23:00:00Z,0.99,,,150.0,https://kalshi.com/markets/kxtempnych-26aug1519,2026-08-16T19:49:45Z
kalshi,KXTEMPMIAH-26AUG1519-T92.99,"Will the temp in Miami be above 92.99° on Aug 15, 2026 at 7pm EDT?",93° or above,no,2026-08-16T00:10:42.345434Z,2026-08-15T23:00:00Z,0.01,,,2300.0,https://kalshi.com/markets/kxtempmiah-26aug1519,2026-08-16T19:49:45Z
kalshi,KXTEMPMIAH-26AUG1519-T91.99,"Will the temp in Miami be above 91.99° on Aug 15, 2026 at 7pm EDT?",92° or above,no,2026-08-16T00:10:42.345434Z,2026-08-15T23:00:00Z,0.01,,,1107.0,https://kalshi.com/markets/kxtempmiah-26aug1519,2026-08-16T19:49:45Z
kalshi,KXTEMPMIAH-26AUG1519-T90.99,"Will the temp in Miami be above 90.99° on Aug 15, 2026 at 7pm EDT?",91° or above,no,2026-08-16T00:10:42.345434Z,2026-08-15T23:00:00Z,0.01,,,2202.0,https://kalshi.com/markets/kxtempmiah-26aug1519,2026-08-16T19:49:45Z
kalshi,KXTEMPMIAH-26AUG1519-T89.99,"Will the temp in Miami be above 89.99° on Aug 15, 2026 at 7pm EDT?",90° or above,no,2026-08-16T00:10:42.345434Z,2026-08-15T23:00:00Z,0.01,,,3103.37,https://kalshi.com/markets/kxtempmiah-26aug1519,2026-08-16T19:49:45Z
kalshi,KXTEMPMIAH-26AUG1519-T88.99,"Will the temp in Miami be above 88.99° on Aug 15, 2026 at 7pm EDT?",89° or above,no,2026-08-16T00:10:42.345434Z,2026-08-15T23:00:00Z,0.03,,,268.33,https://kalshi.com/markets/kxtempmiah-26aug1519,2026-08-16T19:49:45Z
kalshi,KXTEMPMIAH-26AUG1519-T87.99,"Will the temp in Miami be above 87.99° on Aug 15, 2026 at 7pm EDT?",88° or above,yes,2026-08-16T00:10:42.345434Z,2026-08-15T23:00:00Z,0.99,,,494.78,https://kalshi.com/markets/kxtempmiah-26aug1519,2026-08-16T19:49:45Z
kalshi,KXTEMPMIAH-26AUG1519-T86.99,"Will the temp in Miami be above 86.99° on Aug 15, 2026 at 7pm EDT?",87° or above,yes,2026-08-16T00:10:42.345434Z,2026-08-15T23:00:00Z,0.99,,,2116.0,https://kalshi.com/markets/kxtempmiah-26aug1519,2026-08-16T19:49:45Z
kalshi,KXTEMPMIAH-26AUG1519-T85.99,"Will the temp in Miami be above 85.99° on Aug 15, 2026 at 7pm EDT?",86° or above,yes,2026-08-16T00:10:42.345434Z,2026-08-15T23:00:00Z,0.99,,,5487.0,https://kalshi.com/markets/kxtempmiah-26aug1519,2026-08-16T19:49:45Z
kalshi,KXTEMPMIAH-26AUG1519-T84.99,"Will the temp in Miami be above 84.99° on Aug 15, 2026 at 7pm EDT?",85° or above,yes,2026-08-16T00:10:42.345434Z,2026-08-15T23:00:00Z,0.99,,,2165.0,https://kalshi.com/markets/kxtempmiah-26aug1519,2026-08-16T19:49:45Z
kalshi,KXTEMPMIAH-26AUG1519-T83.99,"Will the temp in Miami be above 83.99° on Aug 15, 2026 at 7pm EDT?",84° or above,yes,2026-08-16T00:10:42.345434Z,2026-08-15T23:00:00Z,0.99,,,681.17,https://kalshi.com/markets/kxtempmiah-26aug1519,2026-08-16T19:49:45Z
kalshi,KXTEMPDCH-26AUG1518-T85.99,"Will the temp in Washington DC be above 85.99° on Aug 15, 2026 at 6pm EDT?",86° or above,no,2026-08-15T23:31:02.446927Z,2026-08-15T22:00:00Z,0.01,,,124.51,https://kalshi.com/markets/kxtempdch-26aug1518,2026-08-16T19:49:45Z
kalshi,KXTEMPLAXH-26AUG1518-T76.99,"Will the temp in Los Angeles be above 76.99° on Aug 15, 2026 at 6pm EDT?",77° or above,no,2026-08-15T23:31:02.44881Z,2026-08-15T22:00:00Z,0.03,,,1017.61,https://kalshi.com/markets/kxtemplaxh-26aug1518,2026-08-16T19:49:45Z
kalshi,KXTEMPLAXH-26AUG1518-T75.99,"Will the temp in Los Angeles be above 75.99° on Aug 15, 2026 at 6pm EDT?",76° or above,no,2026-08-15T23:31:02.44881Z,2026-08-15T22:00:00Z,0.01,,,3937.2,https://kalshi.com/markets/kxtemplaxh-26aug1518,2026-08-16T19:49:45Z
kalshi,KXTEMPLAXH-26AUG1518-T74.99,"Will the temp in Los Angeles be above 74.99° on Aug 15, 2026 at 6pm EDT?",75° or above,yes,2026-08-15T23:31:02.44881Z,2026-08-15T22:00:00Z,0.97,,,142.82,https://kalshi.com/markets/kxtemplaxh-26aug1518,2026-08-16T19:49:45Z
kalshi,KXTEMPAUSH-26AUG1518-T102.99,"Will the temp in Austin be above 102.99° on Aug 15, 2026 at 6pm EDT?",103° or above,no,2026-08-15T23:31:02.448151Z,2026-08-15T22:00:00Z,0.01,,,606.87,https://kalshi.com/markets/kxtempaush-26aug1518,2026-08-16T19:49:45Z
kalshi,KXTEMPAUSH-26AUG1518-T101.99,"Will the temp in Austin be above 101.99° on Aug 15, 2026 at 6pm EDT?",102° or above,yes,2026-08-15T23:31:02.448151Z,2026-08-15T22:00:00Z,0.99,,,2873.9,https://kalshi.com/markets/kxtempaush-26aug1518,2026-08-16T19:49:45Z
kalshi,KXTEMPAUSH-26AUG1518-T100.99,"Will the temp in Austin be above 100.99° on Aug 15, 2026 at 6pm EDT?",101° or above,yes,2026-08-15T23:31:02.448151Z,2026-08-15T22:00:00Z,0.99,,,384.83,https://kalshi.com/markets/kxtempaush-26aug1518,2026-08-16T19:49:45Z
kalshi,KXTEMPNYCH-26AUG1518-T81.99,"Will the temp in New York City be above 81.99° on Aug 15, 2026 at 6pm EDT?",82° or above,no,2026-08-15T23:30:52.34711Z,2026-08-15T22:00:00Z,0.01,,,251.07,https://kalshi.com/markets/kxtempnych-26aug1518,2026-08-16T19:49:45Z
kalshi,KXTEMPNYCH-26AUG1518-T80.99,"Will the temp in New York City be above 80.99° on Aug 15, 2026 at 6pm EDT?",81° or above,yes,2026-08-15T23:30:52.34711Z,2026-08-15T22:00:00Z,0.99,,,459.08,https://kalshi.com/markets/kxtempnych-26aug1518,2026-08-16T19:49:45Z
kalshi,KXTEMPNYCH-26AUG1518-T79.99,"Will the temp in New York City be above 79.99° on Aug 15, 2026 at 6pm EDT?",80° or above,yes,2026-08-15T23:30:52.34711Z,2026-08-15T22:00:00Z,0.99,,,226.0,https://kalshi.com/markets/kxtempnych-26aug1518,2026-08-16T19:49:45Z
kalshi,KXTEMPNYCH-26AUG1518-T78.99,"Will the temp in New York City be above 78.99° on Aug 15, 2026 at 6pm EDT?",79° or above,yes,2026-08-15T23:30:52.34711Z,2026-08-15T22:00:00Z,0.99,,,127.07,https://kalshi.com/markets/kxtempnych-26aug1518,2026-08-16T19:49:45Z
kalshi,KXTEMPMIAH-26AUG1518-T93.99,"Will the temp in Miami be above 93.99° on Aug 15, 2026 at 6pm EDT?",94° or above,no,2026-08-15T23:10:52.556084Z,2026-08-15T22:00:00Z,0.01,,,250.0,https://kalshi.com/markets/kxtempmiah-26aug1518,2026-08-16T19:49:45Z
kalshi,KXTEMPMIAH-26AUG1518-T92.99,"Will the temp in Miami be above 92.99° on Aug 15, 2026 at 6pm EDT?",93° or above,no,2026-08-15T23:10:52.556084Z,2026-08-15T22:00:00Z,0.01,,,2500.0,https://kalshi.com/markets/kxtempmiah-26aug1518,2026-08-16T19:49:45Z
kalshi,KXTEMPMIAH-26AUG1518-T91.99,"Will the temp in Miami be above 91.99° on Aug 15, 2026 at 6pm EDT?",92° or above,no,2026-08-15T23:10:52.556084Z,2026-08-15T22:00:00Z,0.01,,,141.14,https://kalshi.com/markets/kxtempmiah-26aug1518,2026-08-16T19:49:45Z
kalshi,KXTEMPMIAH-26AUG1518-T89.99,"Will the temp in Miami be above 89.99° on Aug 15, 2026 at 6pm EDT?",90° or above,no,2026-08-15T23:10:52.556084Z,2026-08-15T22:00:00Z,0.99,,,492.1,https://kalshi.com/markets/kxtempmiah-26aug1518,2026-08-16T19:49:45Z
kalshi,KXTEMPMIAH-26AUG1518-T88.99,"Will the temp in Miami be above 88.99° on Aug 15, 2026 at 6pm EDT?",89° or above,yes,2026-08-15T23:10:52.556084Z,2026-08-15T22:00:00Z,0.99,,,3247.11,https://kalshi.com/markets/kxtempmiah-26aug1518,2026-08-16T19:49:45Z
kalshi,KXTEMPMIAH-26AUG1518-T87.99,"Will the temp in Miami be above 87.99° on Aug 15, 2026 at 6pm EDT?",88° or above,yes,2026-08-15T23:10:52.556084Z,2026-08-15T22:00:00Z,0.99,,,165.74,https://kalshi.com/markets/kxtempmiah-26aug1518,2026-08-16T19:49:45Z
kalshi,KXTEMPMIAH-26AUG1518-T86.99,"Will the temp in Miami be above 86.99° on Aug 15, 2026 at 6pm EDT?",87° or above,yes,2026-08-15T23:10:52.556084Z,2026-08-15T22:00:00Z,0.99,,,2200.0,https://kalshi.com/markets/kxtempmiah-26aug1518,2026-08-16T19:49:45Z
kalshi,KXTEMPMIAH-26AUG1518-T85.99,"Will the temp in Miami be above 85.99° on Aug 15, 2026 at 6pm EDT?",86° or above,yes,2026-08-15T23:10:52.556084Z,2026-08-15T22:00:00Z,0.99,,,137.0,https://kalshi.com/markets/kxtempmiah-26aug1518,2026-08-16T19:49:45Z
kalshi,KXTEMPMIAH-26AUG1518-T84.99,"Will the temp in Miami be above 84.99° on Aug 15, 2026 at 6pm EDT?",85° or above,yes,2026-08-15T23:10:52.556084Z,2026-08-15T22:00:00Z,0.99,,,2007.7,https://kalshi.com/markets/kxtempmiah-26aug1518,2026-08-16T19:49:45Z
kalshi,KXTEMPDCH-26AUG1517-T88.99,"Will the temp in Washington DC be above 88.99° on Aug 15, 2026 at 5pm EDT?",89° or above,no,2026-08-15T22:31:02.445954Z,2026-08-15T21:00:00Z,0.01,,,100.0,https://kalshi.com/markets/kxtempdch-26aug1517,2026-08-16T19:49:45Z
kalshi,KXTEMPDCH-26AUG1517-T87.99,"Will the temp in Washington DC be above 87.99° on Aug 15, 2026 at 5pm EDT?",88° or above,yes,2026-08-15T22:31:02.445954Z,2026-08-15T21:00:00Z,0.99,,,238.93,https://kalshi.com/markets/kxtempdch-26aug1517,2026-08-16T19:49:45Z
kalshi,KXTEMPDCH-26AUG1517-T86.99,"Will the temp in Washington DC be above 86.99° on Aug 15, 2026 at 5pm EDT?",87° or above,yes,2026-08-15T22:31:02.445954Z,2026-08-15T21:00:00Z,0.99,,,257.21,https://kalshi.com/markets/kxtempdch-26aug1517,2026-08-16T19:49:45Z
kalshi,KXTEMPDCH-26AUG1517-T85.99,"Will the temp in Washington DC be above 85.99° on Aug 15, 2026 at 5pm EDT?",86° or above,yes,2026-08-15T22:31:02.445954Z,2026-08-15T21:00:00Z,0.99,,,387.59,https://kalshi.com/markets/kxtempdch-26aug1517,2026-08-16T19:49:45Z
kalshi,KXTEMPDCH-26AUG1517-T84.99,"Will the temp in Washington DC be above 84.99° on Aug 15, 2026 at 5pm EDT?",85° or above,yes,2026-08-15T22:31:02.445954Z,2026-08-15T21:00:00Z,0.99,,,525.34,https://kalshi.com/markets/kxtempdch-26aug1517,2026-08-16T19:49:45Z
kalshi,KXTEMPDCH-26AUG1517-T83.99,"Will the temp in Washington DC be above 83.99° on Aug 15, 2026 at 5pm EDT?",84° or above,yes,2026-08-15T22:31:02.445954Z,2026-08-15T21:00:00Z,0.98,,,153.77,https://kalshi.com/markets/kxtempdch-26aug1517,2026-08-16T19:49:45Z
kalshi,KXTEMPDCH-26AUG1517-T81.99,"Will the temp in Washington DC be above 81.99° on Aug 15, 2026 at 5pm EDT?",82° or above,yes,2026-08-15T22:31:02.445954Z,2026-08-15T21:00:00Z,0.99,,,228.29,https://kalshi.com/markets/kxtempdch-26aug1517,2026-08-16T19:49:45Z
kalshi,KXTEMPLAXH-26AUG1517-T76.99,"Will the temp in Los Angeles be above 76.99° on Aug 15, 2026 at 5pm EDT?",77° or above,no,2026-08-15T22:30:52.350539Z,2026-08-15T21:00:00Z,0.01,,,3761.26,https://kalshi.com/markets/kxtemplaxh-26aug1517,2026-08-16T19:49:45Z
kalshi,KXTEMPLAXH-26AUG1517-T75.99,"Will the temp in Los Angeles be above 75.99° on Aug 15, 2026 at 5pm EDT?",76° or above,yes,2026-08-15T22:30:52.350539Z,2026-08-15T21:00:00Z,0.99,,,1056.28,https://kalshi.com/markets/kxtemplaxh-26aug1517,2026-08-16T19:49:45Z
kalshi,KXTEMPLAXH-26AUG1517-T74.99,"Will the temp in Los Angeles be above 74.99° on Aug 15, 2026 at 5pm EDT?",75° or above,yes,2026-08-15T22:30:52.350539Z,2026-08-15T21:00:00Z,0.99,,,436.0,https://kalshi.com/markets/kxtemplaxh-26aug1517,2026-08-16T19:49:45Z
kalshi,KXTEMPAUSH-26AUG1517-T99.99,"Will the temp in Austin be above 99.99° on Aug 15, 2026 at 5pm EDT?",100° or above,yes,2026-08-15T22:30:52.349843Z,2026-08-15T21:00:00Z,0.96,,,1152.95,https://kalshi.com/markets/kxtempaush-26aug1517,2026-08-16T19:49:45Z
kalshi,KXTEMPAUSH-26AUG1517-T98.99,"Will the temp in Austin be above 98.99° on Aug 15, 2026 at 5pm EDT?",99° or above,yes,2026-08-15T22:30:52.349843Z,2026-08-15T21:00:00Z,0.98,,,229.0,https://kalshi.com/markets/kxtempaush-26aug1517,2026-08-16T19:49:45Z
kalshi,KXTEMPAUSH-26AUG1517-T101.99,"Will the temp in Austin be above 101.99° on Aug 15, 2026 at 5pm EDT?",102° or above,no,2026-08-15T22:30:52.349843Z,2026-08-15T21:00:00Z,0.01,,,1263.51,https://kalshi.com/markets/kxtempaush-26aug1517,2026-08-16T19:49:45Z
kalshi,KXTEMPAUSH-26AUG1517-T100.99,"Will the temp in Austin be above 100.99° on Aug 15, 2026 at 5pm EDT?",101° or above,yes,2026-08-15T22:30:52.349843Z,2026-08-15T21:00:00Z,0.99,,,1368.04,https://kalshi.com/markets/kxtempaush-26aug1517,2026-08-16T19:49:45Z
kalshi,KXTEMPCHIH-26AUG1517-T78.99,"Will the temp in Chicago be above 78.99° on Aug 15, 2026 at 5pm EDT?",79° or above,no,2026-08-15T22:30:52.348979Z,2026-08-15T21:00:00Z,0.01,,,229.0,https://kalshi.com/markets/kxtempchih-26aug1517,2026-08-16T19:49:45Z
kalshi,KXTEMPCHIH-26AUG1517-T77.99,"Will the temp in Chicago be above 77.99° on Aug 15, 2026 at 5pm EDT?",78° or above,no,2026-08-15T22:30:52.348979Z,2026-08-15T21:00:00Z,0.01,,,860.0,https://kalshi.com/markets/kxtempchih-26aug1517,2026-08-16T19:49:45Z
kalshi,KXTEMPNYCH-26AUG1517-T83.99,"Will the temp in New York City be above 83.99° on Aug 15, 2026 at 5pm EDT?",84° or above,no,2026-08-15T22:30:52.348527Z,2026-08-15T21:00:00Z,0.01,,,299.32,https://kalshi.com/markets/kxtempnych-26aug1517,2026-08-16T19:49:45Z
kalshi,KXTEMPNYCH-26AUG1517-T82.99,"Will the temp in New York City be above 82.99° on Aug 15, 2026 at 5pm EDT?",83° or above,no,2026-08-15T22:30:52.348527Z,2026-08-15T21:00:00Z,0.01,,,450.18,https://kalshi.com/markets/kxtempnych-26aug1517,2026-08-16T19:49:45Z
kalshi,KXTEMPNYCH-26AUG1517-T81.99,"Will the temp in New York City be above 81.99° on Aug 15, 2026 at 5pm EDT?",82° or above,no,2026-08-15T22:30:52.348527Z,2026-08-15T21:00:00Z,0.01,,,569.59,https://kalshi.com/markets/kxtempnych-26aug1517,2026-08-16T19:49:45Z
kalshi,KXTEMPNYCH-26AUG1517-T79.99,"Will the temp in New York City be above 79.99° on Aug 15, 2026 at 5pm EDT?",80° or above,yes,2026-08-15T22:30:52.348527Z,2026-08-15T21:00:00Z,0.99,,,151.0,https://kalshi.com/markets/kxtempnych-26aug1517,2026-08-16T19:49:45Z
kalshi,KXTEMPMIAH-26AUG1517-T94.99,"Will the temp in Miami be above 94.99° on Aug 15, 2026 at 5pm EDT?",95° or above,no,2026-08-15T22:10:52.506248Z,2026-08-15T21:00:00Z,0.01,,,249.0,https://kalshi.com/markets/kxtempmiah-26aug1517,2026-08-16T19:49:45Z
kalshi,KXTEMPMIAH-26AUG1517-T92.99,"Will the temp in Miami be above 92.99° on Aug 15, 2026 at 5pm EDT?",93° or above,no,2026-08-15T22:10:52.506248Z,2026-08-15T21:00:00Z,0.01,,,3450.0,https://kalshi.com/markets/kxtempmiah-26aug1517,2026-08-16T19:49:45Z
kalshi,KXTEMPMIAH-26AUG1517-T91.99,"Will the temp in Miami be above 91.99° on Aug 15, 2026 at 5pm EDT?",92° or above,no,2026-08-15T22:10:52.506248Z,2026-08-15T21:00:00Z,0.02,,,3542.95,https://kalshi.com/markets/kxtempmiah-26aug1517,2026-08-16T19:49:45Z
kalshi,KXTEMPMIAH-26AUG1517-T90.99,"Will the temp in Miami be above 90.99° on Aug 15, 2026 at 5pm EDT?",91° or above,yes,2026-08-15T22:10:52.506248Z,2026-08-15T21:00:00Z,0.99,,,1153.36,https://kalshi.com/markets/kxtempmiah-26aug1517,2026-08-16T19:49:45Z
kalshi,KXTEMPMIAH-26AUG1517-T89.99,"Will the temp in Miami be above 89.99° on Aug 15, 2026 at 5pm EDT?",90° or above,yes,2026-08-15T22:10:52.506248Z,2026-08-15T21:00:00Z,0.99,,,3613.02,https://kalshi.com/markets/kxtempmiah-26aug1517,2026-08-16T19:49:45Z
kalshi,KXTEMPMIAH-26AUG1517-T88.99,"Will the temp in Miami be above 88.99° on Aug 15, 2026 at 5pm EDT?",89° or above,yes,2026-08-15T22:10:52.506248Z,2026-08-15T21:00:00Z,0.99,,,3307.0,https://kalshi.com/markets/kxtempmiah-26aug1517,2026-08-16T19:49:45Z
kalshi,KXTEMPDCH-26AUG1516-T89.99,"Will the temp in Washington DC be above 89.99° on Aug 15, 2026 at 4pm EDT?",90° or above,no,2026-08-15T21:31:02.345302Z,2026-08-15T20:00:00Z,0.01,,,300.0,https://kalshi.com/markets/kxtempdch-26aug1516,2026-08-16T19:49:45Z
kalshi,KXTEMPDCH-26AUG1516-T88.99,"Will the temp in Washington DC be above 88.99° on Aug 15, 2026 at 4pm EDT?",89° or above,no,2026-08-15T21:31:02.345302Z,2026-08-15T20:00:00Z,0.01,,,141.13,https://kalshi.com/markets/kxtempdch-26aug1516,2026-08-16T19:49:45Z
kalshi,KXTEMPDCH-26AUG1516-T87.99,"Will the temp in Washington DC be above 87.99° on Aug 15, 2026 at 4pm EDT?",88° or above,no,2026-08-15T21:31:02.345302Z,2026-08-15T20:00:00Z,0.01,,,152.5,https://kalshi.com/markets/kxtempdch-26aug1516,2026-08-16T19:49:45Z
kalshi,KXTEMPDCH-26AUG1516-T85.99,"Will the temp in Washington DC be above 85.99° on Aug 15, 2026 at 4pm EDT?",86° or above,yes,2026-08-15T21:31:02.345302Z,2026-08-15T20:00:00Z,0.99,,,100.0,https://kalshi.com/markets/kxtempdch-26aug1516,2026-08-16T19:49:45Z
kalshi,KXTEMPLAXH-26AUG1516-T76.99,"Will the temp in Los Angeles be above 76.99° on Aug 15, 2026 at 4pm EDT?",77° or above,no,2026-08-15T21:31:02.344858Z,2026-08-15T20:00:00Z,0.01,,,664.04,https://kalshi.com/markets/kxtemplaxh-26aug1516,2026-08-16T19:49:45Z
kalshi,KXTEMPLAXH-26AUG1516-T75.99,"Will the temp in Los Angeles be above 75.99° on Aug 15, 2026 at 4pm EDT?",76° or above,yes,2026-08-15T21:31:02.344858Z,2026-08-15T20:00:00Z,0.99,,,1796.23,https://kalshi.com/markets/kxtemplaxh-26aug1516,2026-08-16T19:49:45Z
kalshi,KXTEMPAUSH-26AUG1516-T99.99,"Will the temp in Austin be above 99.99° on Aug 15, 2026 at 4pm EDT?",100° or above,yes,2026-08-15T21:31:02.34654Z,2026-08-15T20:00:00Z,0.99,,,1938.17,https://kalshi.com/markets/kxtempaush-26aug1516,2026-08-16T19:49:45Z
kalshi,KXTEMPAUSH-26AUG1516-T98.99,"Will the temp in Austin be above 98.99° on Aug 15, 2026 at 4pm EDT?",99° or above,yes,2026-08-15T21:31:02.34654Z,2026-08-15T20:00:00Z,0.99,,,501.1,https://kalshi.com/markets/kxtempaush-26aug1516,2026-08-16T19:49:45Z
kalshi,KXTEMPAUSH-26AUG1516-T97.99,"Will the temp in Austin be above 97.99° on Aug 15, 2026 at 4pm EDT?",98° or above,yes,2026-08-15T21:31:02.34654Z,2026-08-15T20:00:00Z,0.99,,,244.44,https://kalshi.com/markets/kxtempaush-26aug1516,2026-08-16T19:49:45Z
kalshi,KXTEMPAUSH-26AUG1516-T100.99,"Will the temp in Austin be above 100.99° on Aug 15, 2026 at 4pm EDT?",101° or above,no,2026-08-15T21:31:02.34654Z,2026-08-15T20:00:00Z,0.01,,,610.4,https://kalshi.com/markets/kxtempaush-26aug1516,2026-08-16T19:49:45Z
kalshi,KXTEMPCHIH-26AUG1516-T80.99,"Will the temp in Chicago be above 80.99° on Aug 15, 2026 at 4pm EDT?",81° or above,no,2026-08-15T21:31:02.345858Z,2026-08-15T20:00:00Z,0.01,,,391.0,https://kalshi.com/markets/kxtempchih-26aug1516,2026-08-16T19:49:45Z
kalshi,KXTEMPCHIH-26AUG1516-T79.99,"Will the temp in Chicago be above 79.99° on Aug 15, 2026 at 4pm EDT?",80° or above,no,2026-08-15T21:31:02.345858Z,2026-08-15T20:00:00Z,0.01,,,1109.48,https://kalshi.com/markets/kxtempchih-26aug1516,2026-08-16T19:49:45Z
kalshi,KXTEMPCHIH-26AUG1516-T78.99,"Will the temp in Chicago be above 78.99° on Aug 15, 2026 at 4pm EDT?",79° or above,yes,2026-08-15T21:31:02.345858Z,2026-08-15T20:00:00Z,0.99,,,174.53,https://kalshi.com/markets/kxtempchih-26aug1516,2026-08-16T19:49:45Z
kalshi,KXTEMPCHIH-26AUG1516-T77.99,"Will the temp in Chicago be above 77.99° on Aug 15, 2026 at 4pm EDT?",78° or above,yes,2026-08-15T21:31:02.345858Z,2026-08-15T20:00:00Z,0.99,,,132.0,https://kalshi.com/markets/kxtempchih-26aug1516,2026-08-16T19:49:45Z
kalshi,KXTEMPNYCH-26AUG1516-T82.99,"Will the temp in New York City be above 82.99° on Aug 15, 2026 at 4pm EDT?",83° or above,no,2026-08-15T21:30:52.344442Z,2026-08-15T20:00:00Z,0.01,,,382.43,https://kalshi.com/markets/kxtempnych-26aug1516,2026-08-16T19:49:45Z
kalshi,KXTEMPNYCH-26AUG1516-T81.99,"Will the temp in New York City be above 81.99° on Aug 15, 2026 at 4pm EDT?",82° or above,yes,2026-08-15T21:30:52.344442Z,2026-08-15T20:00:00Z,0.99,,,127.0,https://kalshi.com/markets/kxtempnych-26aug1516,2026-08-16T19:49:45Z
kalshi,KXTEMPNYCH-26AUG1516-T80.99,"Will the temp in New York City be above 80.99° on Aug 15, 2026 at 4pm EDT?",81° or above,yes,2026-08-15T21:30:52.344442Z,2026-08-15T20:00:00Z,0.99,,,105.81,https://kalshi.com/markets/kxtempnych-26aug1516,2026-08-16T19:49:45Z
kalshi,KXTEMPMIAH-26AUG1516-T92.99,"Will the temp in Miami be above 92.99° on Aug 15, 2026 at 4pm EDT?",93° or above,no,2026-08-15T21:10:52.367227Z,2026-08-15T20:00:00Z,0.01,,,1015.42,https://kalshi.com/markets/kxtempmiah-26aug1516,2026-08-16T19:49:45Z
kalshi,KXTEMPMIAH-26AUG1516-T91.99,"Will the temp in Miami be above 91.99° on Aug 15, 2026 at 4pm EDT?",92° or above,yes,2026-08-15T21:10:52.367227Z,2026-08-15T20:00:00Z,0.93,,,569.46,https://kalshi.com/markets/kxtempmiah-26aug1516,2026-08-16T19:49:45Z
kalshi,KXTEMPMIAH-26AUG1516-T90.99,"Will the temp in Miami be above 90.99° on Aug 15, 2026 at 4pm EDT?",91° or above,yes,2026-08-15T21:10:52.367227Z,2026-08-15T20:00:00Z,0.99,,,1130.0,https://kalshi.com/markets/kxtempmiah-26aug1516,2026-08-16T19:49:45Z
kalshi,KXTEMPMIAH-26AUG1516-T89.99,"Will the temp in Miami be above 89.99° on Aug 15, 2026 at 4pm EDT?",90° or above,yes,2026-08-15T21:10:52.367227Z,2026-08-15T20:00:00Z,0.99,,,2164.59,https://kalshi.com/markets/kxtempmiah-26aug1516,2026-08-16T19:49:45Z
polymarket,xrp-updown-15m-1786908600,"XRP Up or Down - August 16, 3:30PM-3:45PM ET",Up,no,2026-08-16T19:46:25Z,2026-08-16T19:45:00Z,0.0,,,764.5205239999999,https://polymarket.com/event/xrp-updown-15m-1786908600,2026-08-16T19:49:45Z
polymarket,sol-updown-15m-1786908600,"Solana Up or Down - August 16, 3:30PM-3:45PM ET",Up,no,2026-08-16T19:46:25Z,2026-08-16T19:45:00Z,0.0,,,1892.718177999999,https://polymarket.com/event/sol-updown-15m-1786908600,2026-08-16T19:49:45Z
polymarket,doge-updown-15m-1786908600,"Dogecoin Up or Down - August 16, 3:30PM-3:45PM ET",Up,no,2026-08-16T19:46:25Z,2026-08-16T19:45:00Z,0.0,,,249.11998800000006,https://polymarket.com/event/doge-updown-15m-1786908600,2026-08-16T19:49:45Z
polymarket,sol-updown-5m-1786909200,"Solana Up or Down - August 16, 3:40PM-3:45PM ET",Up,no,2026-08-16T19:46:25Z,2026-08-16T19:45:00Z,0.0,,,1497.820607,https://polymarket.com/event/sol-updown-5m-1786909200,2026-08-16T19:49:45Z
polymarket,xrp-updown-5m-1786909200,"XRP Up or Down - August 16, 3:40PM-3:45PM ET",Up,no,2026-08-16T19:46:25Z,2026-08-16T19:45:00Z,0.0,,,1095.225767,https://polymarket.com/event/xrp-updown-5m-1786909200,2026-08-16T19:49:45Z
polymarket,btc-updown-15m-1786908600,"Bitcoin Up or Down - August 16, 3:30PM-3:45PM ET",Up,no,2026-08-16T19:46:25Z,2026-08-16T19:45:00Z,0.0,,,29547.41502600001,https://polymarket.com/event/btc-updown-15m-1786908600,2026-08-16T19:49:45Z
polymarket,bnb-updown-15m-1786908600,"BNB Up or Down - August 16, 3:30PM-3:45PM ET",Up,yes,2026-08-16T19:46:25Z,2026-08-16T19:45:00Z,1.0,,,1464.2340899999995,https://polymarket.com/event/bnb-updown-15m-1786908600,2026-08-16T19:49:45Z
polymarket,doge-updown-5m-1786909200,"Dogecoin Up or Down - August 16, 3:40PM-3:45PM ET",Up,no,2026-08-16T19:46:25Z,2026-08-16T19:45:00Z,0.0,,,182.0856,https://polymarket.com/event/doge-updown-5m-1786909200,2026-08-16T19:49:45Z
polymarket,btc-updown-5m-1786909200,"Bitcoin Up or Down - August 16, 3:40PM-3:45PM ET",Up,no,2026-08-16T19:46:25Z,2026-08-16T19:45:00Z,0.0,,,55808.78299000004,https://polymarket.com/event/btc-updown-5m-1786909200,2026-08-16T19:49:45Z
polymarket,eth-updown-5m-1786909200,"Ethereum Up or Down - August 16, 3:40PM-3:45PM ET",Up,no,2026-08-16T19:46:25Z,2026-08-16T19:45:00Z,0.0,,,3575.9594389999997,https://polymarket.com/event/eth-updown-5m-1786909200,2026-08-16T19:49:45Z
polymarket,bnb-updown-5m-1786909200,"BNB Up or Down - August 16, 3:40PM-3:45PM ET",Up,yes,2026-08-16T19:46:25Z,2026-08-16T19:45:00Z,1.0,,,292.58336599999996,https://polymarket.com/event/bnb-updown-5m-1786909200,2026-08-16T19:49:45Z
polymarket,eth-updown-15m-1786908600,"Ethereum Up or Down - August 16, 3:30PM-3:45PM ET",Up,no,2026-08-16T19:46:25Z,2026-08-16T19:45:00Z,0.0,,,6432.145081999998,https://polymarket.com/event/eth-updown-15m-1786908600,2026-08-16T19:49:45Z
polymarket,btc-updown-5m-1786908900,"Bitcoin Up or Down - August 16, 3:35PM-3:40PM ET",Up,yes,2026-08-16T19:41:25Z,2026-08-16T19:40:00Z,1.0,,,26819.52776,https://polymarket.com/event/btc-updown-5m-1786908900,2026-08-16T19:49:45Z
polymarket,eth-updown-5m-1786908600,"Ethereum Up or Down - August 16, 3:30PM-3:35PM ET",Up,no,2026-08-16T19:36:27Z,2026-08-16T19:35:00Z,0.0,,,2386.3264860000004,https://polymarket.com/event/eth-updown-5m-1786908600,2026-08-16T19:49:45Z
polymarket,btc-updown-5m-1786908600,"Bitcoin Up or Down - August 16, 3:30PM-3:35PM ET",Up,no,2026-08-16T19:36:27Z,2026-08-16T19:35:00Z,0.0,,,31313.581358000003,https://polymarket.com/event/btc-updown-5m-1786908600,2026-08-16T19:49:45Z
polymarket,xrp-updown-5m-1786908600,"XRP Up or Down - August 16, 3:30PM-3:35PM ET",Up,no,2026-08-16T19:36:27Z,2026-08-16T19:35:00Z,0.0,,,600.615175,https://polymarket.com/event/xrp-updown-5m-1786908600,2026-08-16T19:49:45Z
polymarket,sol-updown-5m-1786908600,"Solana Up or Down - August 16, 3:30PM-3:35PM ET",Up,no,2026-08-16T19:36:25Z,2026-08-16T19:35:00Z,0.0,,,1024.7747899999997,https://polymarket.com/event/sol-updown-5m-1786908600,2026-08-16T19:49:45Z
polymarket,eth-updown-5m-1786908600,"Ethereum Up or Down - August 16, 3:30PM-3:35PM ET",Up,no,2026-08-16T19:36:27Z,2026-08-16T19:35:00Z,0.0,,,2386.3264860000004,https://polymarket.com/event/eth-updown-5m-1786908600,2026-08-16T19:49:45Z
polymarket,btc-updown-5m-1786908600,"Bitcoin Up or Down - August 16, 3:30PM-3:35PM ET",Up,no,2026-08-16T19:36:27Z,2026-08-16T19:35:00Z,0.0,,,31313.581358000003,https://polymarket.com/event/btc-updown-5m-1786908600,2026-08-16T19:49:45Z
polymarket,xrp-updown-5m-1786908600,"XRP Up or Down - August 16, 3:30PM-3:35PM ET",Up,no,2026-08-16T19:36:27Z,2026-08-16T19:35:00Z,0.0,,,600.615175,https://polymarket.com/event/xrp-updown-5m-1786908600,2026-08-16T19:49:45Z
polymarket,sol-updown-5m-1786908600,"Solana Up or Down - August 16, 3:30PM-3:35PM ET",Up,no,2026-08-16T19:36:25Z,2026-08-16T19:35:00Z,0.0,,,1024.7747899999997,https://polymarket.com/event/sol-updown-5m-1786908600,2026-08-16T19:49:45Z
polymarket,xrp-updown-15m-1786907700,"XRP Up or Down - August 16, 3:15PM-3:30PM ET",Up,yes,2026-08-16T19:30:52Z,2026-08-16T19:30:00Z,1.0,,,289.93972199999996,https://polymarket.com/event/xrp-updown-15m-1786907700,2026-08-16T19:49:45Z
polymarket,btc-updown-15m-1786907700,"Bitcoin Up or Down - August 16, 3:15PM-3:30PM ET",Up,yes,2026-08-16T19:30:52Z,2026-08-16T19:30:00Z,1.0,,,22570.302484000003,https://polymarket.com/event/btc-updown-15m-1786907700,2026-08-16T19:49:45Z
polymarket,sol-updown-15m-1786907700,"Solana Up or Down - August 16, 3:15PM-3:30PM ET",Up,yes,2026-08-16T19:30:52Z,2026-08-16T19:30:00Z,1.0,,,644.463391,https://polymarket.com/event/sol-updown-15m-1786907700,2026-08-16T19:49:45Z
polymarket,eth-updown-15m-1786907700,"Ethereum Up or Down - August 16, 3:15PM-3:30PM ET",Up,yes,2026-08-16T19:30:52Z,2026-08-16T19:30:00Z,1.0,,,5300.404160999998,https://polymarket.com/event/eth-updown-15m-1786907700,2026-08-16T19:49:45Z
polymarket,bnb-updown-15m-1786907700,"BNB Up or Down - August 16, 3:15PM-3:30PM ET",Up,yes,2026-08-16T19:30:52Z,2026-08-16T19:30:00Z,1.0,,,1528.9754219999998,https://polymarket.com/event/bnb-updown-15m-1786907700,2026-08-16T19:49:45Z
polymarket,btc-updown-5m-1786908000,"Bitcoin Up or Down - August 16, 3:20PM-3:25PM ET",Up,yes,2026-08-16T19:25:52Z,2026-08-16T19:25:00Z,1.0,,,50566.714214000014,https://polymarket.com/event/btc-updown-5m-1786908000,2026-08-16T19:49:45Z
polymarket,xrp-updown-5m-1786907700,"XRP Up or Down - August 16, 3:15PM-3:20PM ET",Up,yes,2026-08-16T19:21:25Z,2026-08-16T19:20:00Z,1.0,,,463.86720799999995,https://polymarket.com/event/xrp-updown-5m-1786907700,2026-08-16T19:49:45Z
polymarket,eth-updown-5m-1786907700,"Ethereum Up or Down - August 16, 3:15PM-3:20PM ET",Up,no,2026-08-16T19:21:25Z,2026-08-16T19:20:00Z,0.0,,,1623.3579280000004,https://polymarket.com/event/eth-updown-5m-1786907700,2026-08-16T19:49:45Z
polymarket,btc-updown-5m-1786907700,"Bitcoin Up or Down - August 16, 3:15PM-3:20PM ET",Up,yes,2026-08-16T19:21:25Z,2026-08-16T19:20:00Z,1.0,,,29467.480939999983,https://polymarket.com/event/btc-updown-5m-1786907700,2026-08-16T19:49:45Z
polymarket,sol-updown-5m-1786907700,"Solana Up or Down - August 16, 3:15PM-3:20PM ET",Up,yes,2026-08-16T19:21:25Z,2026-08-16T19:20:00Z,1.0,,,706.7201740000002,https://polymarket.com/event/sol-updown-5m-1786907700,2026-08-16T19:49:45Z
polymarket,doge-updown-5m-1786907700,"Dogecoin Up or Down - August 16, 3:15PM-3:20PM ET",Up,yes,2026-08-16T19:21:25Z,2026-08-16T19:20:00Z,1.0,,,110.89020499999998,https://polymarket.com/event/doge-updown-5m-1786907700,2026-08-16T19:49:45Z
polymarket,xrp-updown-15m-1786906800,"XRP Up or Down - August 16, 3:00PM-3:15PM ET",Up,yes,2026-08-16T19:16:31Z,2026-08-16T19:15:00Z,1.0,,,618.786247,https://polymarket.com/event/xrp-updown-15m-1786906800,2026-08-16T19:49:45Z
polymarket,eth-updown-5m-1786907400,"Ethereum Up or Down - August 16, 3:10PM-3:15PM ET",Up,no,2026-08-16T19:16:27Z,2026-08-16T19:15:00Z,0.0,,,5310.249458999999,https://polymarket.com/event/eth-updown-5m-1786907400,2026-08-16T19:49:45Z
polymarket,sol-updown-15m-1786906800,"Solana Up or Down - August 16, 3:00PM-3:15PM ET",Up,yes,2026-08-16T19:16:25Z,2026-08-16T19:15:00Z,1.0,,,1041.894926,https://polymarket.com/event/sol-updown-15m-1786906800,2026-08-16T19:49:45Z
polymarket,bnb-updown-5m-1786907400,"BNB Up or Down - August 16, 3:10PM-3:15PM ET",Up,yes,2026-08-16T19:16:25Z,2026-08-16T19:15:00Z,1.0,,,487.39870400000024,https://polymarket.com/event/bnb-updown-5m-1786907400,2026-08-16T19:49:45Z
polymarket,xrp-updown-5m-1786907400,"XRP Up or Down - August 16, 3:10PM-3:15PM ET",Up,yes,2026-08-16T19:16:25Z,2026-08-16T19:15:00Z,1.0,,,365.782644,https://polymarket.com/event/xrp-updown-5m-1786907400,2026-08-16T19:49:45Z
polymarket,doge-updown-15m-1786906800,"Dogecoin Up or Down - August 16, 3:00PM-3:15PM ET",Up,yes,2026-08-16T19:16:25Z,2026-08-16T19:15:00Z,1.0,,,205.070253,https://polymarket.com/event/doge-updown-15m-1786906800,2026-08-16T19:49:45Z
polymarket,btc-updown-15m-1786906800,"Bitcoin Up or Down - August 16, 3:00PM-3:15PM ET",Up,yes,2026-08-16T19:16:25Z,2026-08-16T19:15:00Z,1.0,,,10264.712492000008,https://polymarket.com/event/btc-updown-15m-1786906800,2026-08-16T19:49:45Z
polymarket,eth-updown-15m-1786906800,"Ethereum Up or Down - August 16, 3:00PM-3:15PM ET",Up,yes,2026-08-16T19:16:25Z,2026-08-16T19:15:00Z,1.0,,,2324.2981880000007,https://polymarket.com/event/eth-updown-15m-1786906800,2026-08-16T19:49:45Z
polymarket,doge-updown-5m-1786907400,"Dogecoin Up or Down - August 16, 3:10PM-3:15PM ET",Up,no,2026-08-16T19:16:25Z,2026-08-16T19:15:00Z,0.0,,,260.430735,https://polymarket.com/event/doge-updown-5m-1786907400,2026-08-16T19:49:45Z
polymarket,sol-updown-5m-1786907400,"Solana Up or Down - August 16, 3:10PM-3:15PM ET",Up,yes,2026-08-16T19:16:25Z,2026-08-16T19:15:00Z,1.0,,,1786.2866889999998,https://polymarket.com/event/sol-updown-5m-1786907400,2026-08-16T19:49:45Z
polymarket,btc-updown-5m-1786907400,"Bitcoin Up or Down - August 16, 3:10PM-3:15PM ET",Up,yes,2026-08-16T19:16:25Z,2026-08-16T19:15:00Z,1.0,,,29839.359491000014,https://polymarket.com/event/btc-updown-5m-1786907400,2026-08-16T19:49:45Z
polymarket,bnb-updown-15m-1786906800,"BNB Up or Down - August 16, 3:00PM-3:15PM ET",Up,yes,2026-08-16T19:16:25Z,2026-08-16T19:15:00Z,1.0,,,1655.2798209999999,https://polymarket.com/event/bnb-updown-15m-1786906800,2026-08-16T19:49:45Z
polymarket,will-9z-globant-win-the-cs2-ewc-2026-20260810160005093,Will 9z Globant Win the CS2 EWC 2026?,,no,2026-08-16T19:11:45Z,,0.0,,,23063.084011,https://polymarket.com/event/ewc-2026-cs2-winner-20260810160005076,2026-08-16T19:49:45Z
polymarket,another-frontier-math-problem-solved-by-december-31-2026-20260810094910133,"Another Frontier Math Problem Solved by December 31, 2026?",,yes,2026-08-16T19:11:42Z,2026-12-31T23:59:00Z,1.0,,,11379.833999999999,https://polymarket.com/event/another-frontier-math-problem-solved-byptptpt-20260810095543254,2026-08-16T19:49:45Z
polymarket,another-frontier-math-problem-solved-by-september-30-2026-20260810094910132,"Another Frontier Math Problem Solved by September 30, 2026?",,yes,2026-08-16T19:11:42Z,2026-09-30T23:59:00Z,1.0,,,23060.709333999996,https://polymarket.com/event/another-frontier-math-problem-solved-byptptpt-20260810095543254,2026-08-16T19:49:45Z
polymarket,bnb-up-or-down-august-16-2026-2pm-et,"BNB Up or Down - August 16, 2PM ET",Up,no,2026-08-16T19:11:16Z,2026-08-16T19:00:00Z,0.0,,,546.132915,https://polymarket.com/event/bnb-up-or-down-august-16-2026-2pm-et,2026-08-16T19:49:45Z
polymarket,dogecoin-up-or-down-august-16-2026-2pm-et,"Dogecoin Up or Down - August 16, 2PM ET",Up,no,2026-08-16T19:11:00Z,2026-08-16T19:00:00Z,0.0,,,580.313024,https://polymarket.com/event/dogecoin-up-or-down-august-16-2026-2pm-et,2026-08-16T19:49:45Z
polymarket,xrp-up-or-down-august-16-2026-2pm-et,"XRP Up or Down - August 16, 2PM ET",Up,no,2026-08-16T19:11:00Z,2026-08-16T19:00:00Z,0.0,,,482.121757,https://polymarket.com/event/xrp-up-or-down-august-16-2026-2pm-et,2026-08-16T19:49:45Z
polymarket,bitcoin-up-or-down-august-16-2026-2pm-et,"Bitcoin Up or Down - August 16, 2PM ET",Up,no,2026-08-16T19:11:00Z,2026-08-16T19:00:00Z,0.0,,,12922.244869999997,https://polymarket.com/event/bitcoin-up-or-down-august-16-2026-2pm-et,2026-08-16T19:49:45Z
polymarket,solana-up-or-down-august-16-2026-2pm-et,"Solana Up or Down - August 16, 2PM ET",Up,no,2026-08-16T19:11:00Z,2026-08-16T19:00:00Z,0.0,,,1852.534654,https://polymarket.com/event/solana-up-or-down-august-16-2026-2pm-et,2026-08-16T19:49:45Z
polymarket,ethereum-up-or-down-august-16-2026-2pm-et,"Ethereum Up or Down - August 16, 2PM ET",Up,yes,2026-08-16T19:11:00Z,2026-08-16T19:00:00Z,1.0,,,1451.752018,https://polymarket.com/event/ethereum-up-or-down-august-16-2026-2pm-et,2026-08-16T19:49:45Z
polymarket,eth-updown-5m-1786907100,"Ethereum Up or Down - August 16, 3:05PM-3:10PM ET",Up,yes,2026-08-16T19:10:52Z,2026-08-16T19:10:00Z,1.0,,,4589.796205000001,https://polymarket.com/event/eth-updown-5m-1786907100,2026-08-16T19:49:45Z
polymarket,btc-updown-5m-1786907100,"Bitcoin Up or Down - August 16, 3:05PM-3:10PM ET",Up,yes,2026-08-16T19:10:52Z,2026-08-16T19:10:00Z,1.0,,,29218.273228999988,https://polymarket.com/event/btc-updown-5m-1786907100,2026-08-16T19:49:45Z
polymarket,will-magic-make-playoffs-20260810160605051,Will magic make playoffs?,,yes,2026-08-16T19:10:45Z,,1.0,,,211.9801,https://polymarket.com/event/ewc-cs2-2026-qualify-to-playoffs-20260810160605031,2026-08-16T19:49:45Z
polymarket,will-9z-globant-make-playoffs-20260810160605048,Will 9z Globant make playoffs?,,no,2026-08-16T19:10:45Z,,0.0,,,222.0,https://polymarket.com/event/ewc-cs2-2026-qualify-to-playoffs-20260810160605031,2026-08-16T19:49:45Z
polymarket,eth-updown-5m-1786906800,"Ethereum Up or Down - August 16, 3:00PM-3:05PM ET",Up,yes,2026-08-16T19:05:52Z,2026-08-16T19:05:00Z,1.0,,,3501.826699,https://polymarket.com/event/eth-updown-5m-1786906800,2026-08-16T19:49:45Z
polymarket,sol-updown-5m-1786906800,"Solana Up or Down - August 16, 3:00PM-3:05PM ET",Up,yes,2026-08-16T19:05:52Z,2026-08-16T19:05:00Z,1.0,,,1153.2689730000002,https://polymarket.com/event/sol-updown-5m-1786906800,2026-08-16T19:49:45Z
polymarket,xrp-updown-5m-1786906800,"XRP Up or Down - August 16, 3:00PM-3:05PM ET",Up,yes,2026-08-16T19:05:52Z,2026-08-16T19:05:00Z,1.0,,,451.31720199999995,https://polymarket.com/event/xrp-updown-5m-1786906800,2026-08-16T19:49:45Z
polymarket,btc-updown-5m-1786906800,"Bitcoin Up or Down - August 16, 3:00PM-3:05PM ET",Up,yes,2026-08-16T19:05:52Z,2026-08-16T19:05:00Z,1.0,,,24907.71441499999,https://polymarket.com/event/btc-updown-5m-1786906800,2026-08-16T19:49:45Z
polymarket,xrp-updown-15m-1786905900,"XRP Up or Down - August 16, 2:45PM-3:00PM ET",Up,yes,2026-08-16T19:01:33Z,2026-08-16T19:00:00Z,1.0,,,734.1823410000001,https://polymarket.com/event/xrp-updown-15m-1786905900,2026-08-16T19:49:45Z
polymarket,doge-updown-5m-1786906500,"Dogecoin Up or Down - August 16, 2:55PM-3:00PM ET",Up,no,2026-08-16T19:01:33Z,2026-08-16T19:00:00Z,0.0,,,143.66433800000004,https://polymarket.com/event/doge-updown-5m-1786906500,2026-08-16T19:49:45Z
polymarket,btc-updown-15m-1786905900,"Bitcoin Up or Down - August 16, 2:45PM-3:00PM ET",Up,no,2026-08-16T19:01:27Z,2026-08-16T19:00:00Z,0.0,,,16413.510707999998,https://polymarket.com/event/btc-updown-15m-1786905900,2026-08-16T19:49:45Z
polymarket,doge-updown-15m-1786905900,"Dogecoin Up or Down - August 16, 2:45PM-3:00PM ET",Up,yes,2026-08-16T19:01:27Z,2026-08-16T19:00:00Z,1.0,,,259.02623100000005,https://polymarket.com/event/doge-updown-15m-1786905900,2026-08-16T19:49:45Z
polymarket,eth-updown-5m-1786906500,"Ethereum Up or Down - August 16, 2:55PM-3:00PM ET",Up,no,2026-08-16T19:01:27Z,2026-08-16T19:00:00Z,0.0,,,3327.886621,https://polymarket.com/event/eth-updown-5m-1786906500,2026-08-16T19:49:45Z
polymarket,xrp-updown-5m-1786906500,"XRP Up or Down - August 16, 2:55PM-3:00PM ET",Up,no,2026-08-16T19:01:25Z,2026-08-16T19:00:00Z,0.0,,,433.2453969999999,https://polymarket.com/event/xrp-updown-5m-1786906500,2026-08-16T19:49:45Z
polymarket,bnb-updown-5m-1786906500,"BNB Up or Down - August 16, 2:55PM-3:00PM ET",Up,no,2026-08-16T19:01:25Z,2026-08-16T19:00:00Z,0.0,,,139.21017300000003,https://polymarket.com/event/bnb-updown-5m-1786906500,2026-08-16T19:49:45Z
polymarket,sol-updown-5m-1786906500,"Solana Up or Down - August 16, 2:55PM-3:00PM ET",Up,yes,2026-08-16T19:01:25Z,2026-08-16T19:00:00Z,1.0,,,1285.749057,https://polymarket.com/event/sol-updown-5m-1786906500,2026-08-16T19:49:45Z
polymarket,eth-updown-15m-1786905900,"Ethereum Up or Down - August 16, 2:45PM-3:00PM ET",Up,yes,2026-08-16T19:01:25Z,2026-08-16T19:00:00Z,1.0,,,2827.071927,https://polymarket.com/event/eth-updown-15m-1786905900,2026-08-16T19:49:45Z
polymarket,sol-updown-15m-1786905900,"Solana Up or Down - August 16, 2:45PM-3:00PM ET",Up,yes,2026-08-16T19:01:25Z,2026-08-16T19:00:00Z,1.0,,,1762.597617,https://polymarket.com/event/sol-updown-15m-1786905900,2026-08-16T19:49:45Z
polymarket,bnb-updown-15m-1786905900,"BNB Up or Down - August 16, 2:45PM-3:00PM ET",Up,no,2026-08-16T19:01:25Z,2026-08-16T19:00:00Z,0.0,,,341.054738,https://polymarket.com/event/bnb-updown-15m-1786905900,2026-08-16T19:49:45Z
polymarket,btc-updown-5m-1786906500,"Bitcoin Up or Down - August 16, 2:55PM-3:00PM ET",Up,no,2026-08-16T19:01:25Z,2026-08-16T19:00:00Z,0.0,,,28154.277202000045,https://polymarket.com/event/btc-updown-5m-1786906500,2026-08-16T19:49:45Z
polymarket,btc-updown-5m-1786906200,"Bitcoin Up or Down - August 16, 2:50PM-2:55PM ET",Up,no,2026-08-16T18:56:25Z,2026-08-16T18:55:00Z,0.0,,,21851.164548,https://polymarket.com/event/btc-updown-5m-1786906200,2026-08-16T19:49:45Z
polymarket,btc-updown-5m-1786909500,"Bitcoin Up or Down - August 16, 3:45PM-3:50PM ET",Up,no,2026-08-16T19:50:52Z,2026-08-16T19:50:00Z,0.0,,,1804.738181,https://polymarket.com/event/btc-updown-5m-1786909500,2026-08-16T19:53:52Z
polymarket,eth-updown-5m-1786909500,"Ethereum Up or Down - August 16, 3:45PM-3:50PM ET",Up,no,2026-08-16T19:50:52Z,2026-08-16T19:50:00Z,0.0,,,159.650013,https://polymarket.com/event/eth-updown-5m-1786909500,2026-08-16T19:53:52Z
kalshi,KXBTC15M-26AUG161600-00,BTC price up in next 15 mins?,"Target Price: $63,109.30",no,2026-08-16T20:00:02.483095Z,2026-08-16T20:00:00Z,0.001,,,2070791.83,https://kalshi.com/markets/kxbtc15m-26aug161600,2026-08-16T20:02:46Z
kalshi,KXETH15M-26AUG161600-00,ETH price up in next 15 mins?,"Target Price: $1,884.15",yes,2026-08-16T20:00:02.454661Z,2026-08-16T20:00:00Z,0.999,,,185475.71,https://kalshi.com/markets/kxeth15m-26aug161600,2026-08-16T20:02:46Z
kalshi,KXXRP15M-26AUG161600-00,XRP price up in next 15 mins?,Target Price: $1.0004,no,2026-08-16T20:00:02.449678Z,2026-08-16T20:00:00Z,0.005,,,45513.22,https://kalshi.com/markets/kxxrp15m-26aug161600,2026-08-16T20:02:46Z
kalshi,KXBNB15M-26AUG161600-00,BNB price up in next 15 mins?,Target Price: $605.44,no,2026-08-16T20:00:02.448018Z,2026-08-16T20:00:00Z,0.001,,,26805.38,https://kalshi.com/markets/kxbnb15m-26aug161600,2026-08-16T20:02:46Z
kalshi,KXDOGE15M-26AUG161600-00,DOGE price up in next 15 mins?,Target Price: $0.0699357,no,2026-08-16T20:00:02.44695Z,2026-08-16T20:00:00Z,0.001,,,20725.19,https://kalshi.com/markets/kxdoge15m-26aug161600,2026-08-16T20:02:46Z
kalshi,KXHYPE15M-26AUG161600-00,HYPE price up in next 15 mins?,Target Price: $57.7732,no,2026-08-16T20:00:02.445177Z,2026-08-16T20:00:00Z,0.001,,,20402.92,https://kalshi.com/markets/kxhype15m-26aug161600,2026-08-16T20:02:46Z
kalshi,KXSOL15M-26AUG161600-00,SOL price up in next 15 mins?,Target Price: $75.2187,no,2026-08-16T20:00:02.446241Z,2026-08-16T20:00:00Z,0.001,,,16678.14,https://kalshi.com/markets/kxsol15m-26aug161600,2026-08-16T20:02:46Z
kalshi,KXZEC15M-26AUG161600-00,ZEC price up in next 15 mins?,Target Price: $490.7234,yes,2026-08-16T20:00:02.485631Z,2026-08-16T20:00:00Z,0.999,,,7659.76,https://kalshi.com/markets/kxzec15m-26aug161600,2026-08-16T20:02:46Z
kalshi,KXNEAR15M-26AUG161600-00,NEAR price up in next 15 mins?,Target Price: $1.6100,no,2026-08-16T20:00:02.485826Z,2026-08-16T20:00:00Z,0.001,,,1993.34,https://kalshi.com/markets/kxnear15m-26aug161600,2026-08-16T20:02:46Z
